default,account_check_status,duration_in_month,credit_history,purpose,credit_amount,savings,present_emp_since,installment_as_income_perc,personal_status_sex,other_debtors,present_res_since,property,age,other_installment_plans,housing,credits_this_2,job,people_under_maintenance,telephone,foreign_worker
0,1,23,1,0,3559,1,1,1,1,1,2,1,39,1,1,1,1,1,1,1
0,2,6,0,1,1065,2,1,2,1,1,1,1,32,1,1,1,1,1,1,1
0,1,31,1,1,1929,1,2,2,1,1,2,1,49,1,1,1,1,1,1,1
0,2,27,1,1,2904,2,1,2,1,1,1,1,41,1,1,1,1,1,1,1
0,2,4,1,2,2271,2,1,1,1,1,1,1,31,1,1,1,1,1,1,1
0,3,23,0,4,1060,2,2,2,1,1,2,1,23,1,1,1,1,1,1,1
0,1,30,0,4,762,1,2,2,1,1,1,1,31,1,1,1,1,1,1,1
0,3,18,1,1,3200,2,1,1,1,1,1,1,26,1,1,1,1,1,1,1
0,1,4,1,4,3389,1,2,1,1,1,2,1,25,1,1,1,1,1,1,1
0,1,23,0,0,4633,1,1,1,1,1,1,1,27,1,1,1,1,1,1,1
0,1,10,0,4,3095,1,2,1,1,1,1,1,32,1,1,1,1,1,1,1
0,3,5,1,2,2237,1,2,1,1,1,1,1,34,1,1,1,1,1,1,1
0,2,16,1,1,4343,1,2,2,1,1,1,1,36,1,1,1,1,1,1,1
0,3,31,1,3,1536,2,1,2,1,1,1,1,25,1,1,1,1,1,1,1
0,3,29,1,0,4579,1,2,2,1,1,2,1,21,1,1,1,1,1,1,1
0,1,22,0,3,3807,2,1,1,1,1,2,1,28,1,1,1,1,1,1,1
0,2,17,2,1,4613,2,1,2,1,1,2,1,46,1,1,1,1,1,1,1
0,2,13,0,1,3659,2,2,1,1,1,2,1,39,1,1,1,1,1,1,1
0,2,8,0,3,3121,2,1,2,1,1,2,1,35,1,1,1,1,1,1,1
0,2,29,2,1,1573,2,1,2,1,1,2,1,23,1,1,1,1,1,1,1
0,1,33,2,1,4878,2,2,1,1,1,2,1,19,1,1,1,1,1,1,1
0,2,31,0,1,4821,1,2,2,1,1,1,1,35,1,1,1,1,1,1,1
0,1,21,0,4,761,2,2,1,1,1,2,1,48,1,1,1,1,1,1,1
0,1,7,2,4,2929,1,2,1,1,1,2,1,20,1,1,1,1,1,1,1
0,2,6,2,2,4616,1,2,2,1,1,1,1,38,1,1,1,1,1,1,1
0,3,24,2,3,520,1,1,1,1,1,2,1,21,1,1,1,1,1,1,1
0,1,17,0,0,2378,1,2,2,1,1,2,1,19,1,1,1,1,1,1,1
0,3,29,1,3,697,1,1,2,1,1,1,1,29,1,1,1,1,1,1,1
0,1,19,2,3,4719,2,1,1,1,1,1,1,43,1,1,1,1,1,1,1
0,2,27,1,2,293,2,1,2,1,1,2,1,19,1,1,1,1,1,1,1
0,2,8,1,4,4049,1,1,2,1,1,2,1,20,1,1,1,1,1,1,1
0,3,13,0,0,2833,1,1,1,1,1,1,1,42,1,1,1,1,1,1,1
0,1,34,0,0,3610,1,2,2,1,1,1,1,35,1,1,1,1,1,1,1
0,2,8,1,2,3131,1,1,2,1,1,1,1,25,1,1,1,1,1,1,1
0,2,21,0,1,3087,2,1,2,1,1,1,1,26,1,1,1,1,1,1,1
0,2,22,2,3,4787,1,2,1,1,1,1,1,36,1,1,1,1,1,1,1
0,1,17,2,3,2878,1,1,1,1,1,1,1,27,1,1,1,1,1,1,1
0,3,34,1,0,1250,1,2,2,1,1,1,1,40,1,1,1,1,1,1,1
0,1,17,1,3,4257,2,2,1,1,1,1,1,39,1,1,1,1,1,1,1
0,3,27,2,0,2640,1,2,2,1,1,1,1,33,1,1,1,1,1,1,1
0,3,6,2,4,4270,2,2,1,1,1,2,1,46,1,1,1,1,1,1,1
0,1,7,1,4,3796,1,1,1,1,1,2,1,49,1,1,1,1,1,1,1
0,3,13,2,0,3970,2,1,2,1,1,1,1,19,1,1,1,1,1,1,1
0,1,30,0,2,3071,1,1,2,1,1,2,1,27,1,1,1,1,1,1,1
0,1,27,0,3,4688,2,2,2,1,1,1,1,24,1,1,1,1,1,1,1
0,1,30,1,0,500,1,1,1,1,1,1,1,30,1,1,1,1,1,1,1
0,2,26,0,2,3916,1,2,1,1,1,1,1,33,1,1,1,1,1,1,1
0,2,26,1,4,2872,2,1,2,1,1,2,1,46,1,1,1,1,1,1,1
0,3,16,0,3,1815,2,1,1,1,1,1,1,43,1,1,1,1,1,1,1
0,1,19,0,3,389,1,1,1,1,1,1,1,45,1,1,1,1,1,1,1
0,1,6,1,4,2456,1,2,2,1,1,2,1,36,1,1,1,1,1,1,1
0,2,30,2,1,577,1,1,1,1,1,2,1,39,1,1,1,1,1,1,1
0,1,23,1,0,3892,2,1,1,1,1,2,1,40,1,1,1,1,1,1,1
0,2,10,1,2,915,2,1,1,1,1,2,1,49,1,1,1,1,1,1,1
0,3,18,2,2,742,2,2,1,1,1,1,1,45,1,1,1,1,1,1,1
0,3,20,0,1,1072,2,1,1,1,1,2,1,31,1,1,1,1,1,1,1
0,1,33,1,2,589,1,1,1,1,1,1,1,19,1,1,1,1,1,1,1
0,2,32,1,2,2471,2,2,2,1,1,1,1,32,1,1,1,1,1,1,1
0,2,19,1,3,1651,2,1,2,1,1,2,1,39,1,1,1,1,1,1,1
0,2,30,0,0,740,1,2,1,1,1,2,1,26,1,1,1,1,1,1,1
0,2,12,0,3,1134,2,2,1,1,1,1,1,22,1,1,1,1,1,1,1
0,3,4,2,4,4331,1,2,2,1,1,2,1,32,1,1,1,1,1,1,1
0,3,14,1,3,1101,2,1,2,1,1,2,1,40,1,1,1,1,1,1,1
0,3,15,2,1,2547,1,2,1,1,1,1,1,39,1,1,1,1,1,1,1
0,1,17,2,0,2847,1,2,2,1,1,2,1,31,1,1,1,1,1,1,1
0,3,11,1,1,1126,1,2,2,1,1,2,1,46,1,1,1,1,1,1,1
0,2,34,1,0,4051,1,2,1,1,1,1,1,40,1,1,1,1,1,1,1
0,1,10,2,0,1793,1,2,2,1,1,1,1,32,1,1,1,1,1,1,1
0,2,17,0,0,3254,1,1,2,1,1,2,1,18,1,1,1,1,1,1,1
0,3,25,2,2,4700,2,2,1,1,1,2,1,36,1,1,1,1,1,1,1
0,1,34,0,3,1762,1,1,1,1,1,1,1,23,1,1,1,1,1,1,1
0,1,19,0,2,2107,1,2,1,1,1,2,1,40,1,1,1,1,1,1,1
0,3,13,2,2,1280,2,2,1,1,1,1,1,36,1,1,1,1,1,1,1
0,1,10,1,3,1644,2,2,1,1,1,2,1,27,1,1,1,1,1,1,1
0,1,25,2,1,3894,2,2,2,1,1,2,1,19,1,1,1,1,1,1,1
0,1,15,2,0,2359,2,2,1,1,1,1,1,38,1,1,1,1,1,1,1
0,1,22,0,1,3825,2,2,1,1,1,1,1,26,1,1,1,1,1,1,1
0,1,11,2,1,2756,1,2,2,1,1,2,1,26,1,1,1,1,1,1,1
0,1,32,1,4,1513,2,1,2,1,1,2,1,37,1,1,1,1,1,1,1
0,3,5,2,2,1266,1,1,1,1,1,2,1,25,1,1,1,1,1,1,1
0,1,13,2,0,4374,1,1,1,1,1,2,1,44,1,1,1,1,1,1,1
0,3,6,0,3,3709,2,2,1,1,1,1,1,47,1,1,1,1,1,1,1
0,2,22,1,1,4812,1,2,2,1,1,1,1,36,1,1,1,1,1,1,1
0,2,32,1,4,1935,1,2,1,1,1,2,1,43,1,1,1,1,1,1,1
0,2,18,0,4,3584,2,2,1,1,1,2,1,35,1,1,1,1,1,1,1
0,1,9,1,1,1551,1,2,1,1,1,1,1,48,1,1,1,1,1,1,1
0,2,31,1,1,3953,2,2,2,1,1,1,1,28,1,1,1,1,1,1,1
0,2,26,2,4,3220,2,1,1,1,1,2,1,29,1,1,1,1,1,1,1
0,2,8,0,2,4794,2,2,1,1,1,2,1,48,1,1,1,1,1,1,1
0,1,35,1,4,2685,2,1,1,1,1,1,1,19,1,1,1,1,1,1,1
0,2,33,0,4,1650,1,1,1,1,1,1,1,19,1,1,1,1,1,1,1
0,3,22,2,4,2949,1,1,2,1,1,1,1,24,1,1,1,1,1,1,1
0,1,32,1,2,2278,2,2,2,1,1,1,1,47,1,1,1,1,1,1,1
0,2,18,0,2,1791,1,2,2,1,1,1,1,37,1,1,1,1,1,1,1
0,3,33,1,2,3083,2,2,1,1,1,2,1,47,1,1,1,1,1,1,1
0,1,22,0,3,1507,1,1,2,1,1,2,1,24,1,1,1,1,1,1,1
0,3,5,2,3,360,1,1,1,1,1,2,1,23,1,1,1,1,1,1,1
0,1,16,2,3,2918,2,2,1,1,1,2,1,22,1,1,1,1,1,1,1
0,2,4,1,3,1304,2,2,1,1,1,2,1,20,1,1,1,1,1,1,1
0,3,13,1,0,4188,1,1,1,1,1,1,1,41,1,1,1,1,1,1,1
0,3,20,0,0,2045,1,1,1,1,1,1,1,26,1,1,1,1,1,1,1
0,2,6,1,0,378,1,1,1,1,1,1,1,26,1,1,1,1,1,1,1
0,1,12,2,1,2135,1,1,1,1,1,1,1,34,1,1,1,1,1,1,1
0,2,23,2,0,2598,2,1,1,1,1,2,1,25,1,1,1,1,1,1,1
0,2,33,2,1,1510,1,1,1,1,1,2,1,26,1,1,1,1,1,1,1
0,1,14,1,4,4217,1,2,2,1,1,1,1,42,1,1,1,1,1,1,1
0,3,20,0,0,2925,1,1,1,1,1,1,1,41,1,1,1,1,1,1,1
0,3,30,2,2,3255,2,1,2,1,1,2,1,38,1,1,1,1,1,1,1
0,3,31,2,3,2552,2,2,2,1,1,2,1,44,1,1,1,1,1,1,1
0,3,28,1,1,3322,1,1,1,1,1,1,1,40,1,1,1,1,1,1,1
0,2,28,1,4,4107,1,2,2,1,1,2,1,27,1,1,1,1,1,1,1
0,3,5,1,0,2711,2,1,2,1,1,2,1,24,1,1,1,1,1,1,1
0,3,4,1,3,1877,1,2,2,1,1,2,1,42,1,1,1,1,1,1,1
0,3,9,0,2,1260,1,1,2,1,1,2,1,32,1,1,1,1,1,1,1
0,3,28,1,4,1502,1,1,1,1,1,2,1,37,1,1,1,1,1,1,1
0,3,6,0,2,1461,2,1,1,1,1,1,1,25,1,1,1,1,1,1,1
0,1,19,0,0,4409,1,1,1,1,1,1,1,49,1,1,1,1,1,1,1
0,2,7,2,1,1887,1,2,1,1,1,2,1,42,1,1,1,1,1,1,1
0,3,32,2,4,1993,1,2,1,1,1,2,1,49,1,1,1,1,1,1,1
0,3,18,1,0,3195,2,2,1,1,1,1,1,38,1,1,1,1,1,1,1
0,2,9,2,0,3299,2,2,2,1,1,2,1,36,1,1,1,1,1,1,1
0,3,15,0,1,2023,1,2,1,1,1,1,1,21,1,1,1,1,1,1,1
0,2,23,1,1,1510,1,2,1,1,1,1,1,18,1,1,1,1,1,1,1
0,1,28,1,0,2223,1,1,2,1,1,1,1,38,1,1,1,1,1,1,1
0,3,10,1,1,2924,1,1,1,1,1,1,1,42,1,1,1,1,1,1,1
0,3,24,1,4,3497,1,1,2,1,1,2,1,18,1,1,1,1,1,1,1
0,1,10,2,1,1980,2,1,2,1,1,1,1,45,1,1,1,1,1,1,1
0,3,32,1,4,517,2,1,2,1,1,1,1,30,1,1,1,1,1,1,1
0,1,23,0,0,2179,1,2,1,1,1,2,1,44,1,1,1,1,1,1,1
0,1,10,1,3,3106,2,1,1,1,1,1,1,22,1,1,1,1,1,1,1
0,3,6,2,0,4272,1,1,1,1,1,1,1,36,1,1,1,1,1,1,1
0,1,32,0,0,1197,2,1,1,1,1,2,1,40,1,1,1,1,1,1,1
0,3,32,2,0,4393,2,2,2,1,1,1,1,20,1,1,1,1,1,1,1
0,3,10,2,4,1022,1,2,1,1,1,2,1,49,1,1,1,1,1,1,1
0,3,9,2,3,3819,2,2,1,1,1,2,1,36,1,1,1,1,1,1,1
0,1,31,2,1,4992,2,2,1,1,1,2,1,36,1,1,1,1,1,1,1
0,1,9,1,2,3696,2,1,2,1,1,2,1,46,1,1,1,1,1,1,1
0,1,17,2,4,3750,2,2,2,1,1,1,1,32,1,1,1,1,1,1,1
0,2,13,1,0,742,1,1,2,1,1,1,1,25,1,1,1,1,1,1,1
0,3,8,1,0,4063,2,2,1,1,1,1,1,29,1,1,1,1,1,1,1
0,1,26,2,2,4364,1,2,2,1,1,1,1,49,1,1,1,1,1,1,1
0,2,17,0,1,2495,1,1,2,1,1,1,1,28,1,1,1,1,1,1,1
0,3,25,2,3,755,2,2,1,1,1,2,1,43,1,1,1,1,1,1,1
0,3,31,2,0,1503,1,1,2,1,1,2,1,44,1,1,1,1,1,1,1
0,3,35,1,2,612,1,1,2,1,1,2,1,24,1,1,1,1,1,1,1
0,2,21,1,0,2455,1,2,2,1,1,2,1,27,1,1,1,1,1,1,1
0,1,7,1,2,1429,1,1,1,1,1,1,1,40,1,1,1,1,1,1,1
0,1,17,1,1,4788,1,1,1,1,1,2,1,18,1,1,1,1,1,1,1
0,1,23,2,2,645,2,1,2,1,1,2,1,20,1,1,1,1,1,1,1
0,1,30,0,0,3627,1,2,1,1,1,1,1,35,1,1,1,1,1,1,1
0,3,12,0,4,4690,1,2,2,1,1,1,1,28,1,1,1,1,1,1,1
0,3,34,0,1,1789,2,2,2,1,1,1,1,38,1,1,1,1,1,1,1
0,1,29,0,2,1898,2,2,1,1,1,1,1,24,1,1,1,1,1,1,1
0,1,25,1,4,4147,2,2,1,1,1,2,1,21,1,1,1,1,1,1,1
0,1,17,2,3,3756,2,1,2,1,1,1,1,26,1,1,1,1,1,1,1
0,2,9,1,3,4275,2,1,1,1,1,2,1,45,1,1,1,1,1,1,1
0,3,26,1,2,381,1,1,1,1,1,1,1,45,1,1,1,1,1,1,1
0,1,20,2,1,2209,1,1,2,1,1,2,1,30,1,1,1,1,1,1,1
0,1,29,2,0,2255,1,1,2,1,1,2,1,25,1,1,1,1,1,1,1
0,2,18,2,3,4503,1,1,1,1,1,1,1,39,1,1,1,1,1,1,1
0,1,27,1,4,3247,1,2,2,1,1,1,1,43,1,1,1,1,1,1,1
0,3,9,0,4,4413,1,2,2,1,1,2,1,18,1,1,1,1,1,1,1
0,2,35,1,4,1842,2,1,1,1,1,2,1,29,1,1,1,1,1,1,1
0,2,5,1,3,2599,2,2,2,1,1,1,1,20,1,1,1,1,1,1,1
0,2,9,2,2,4948,2,2,2,1,1,2,1,47,1,1,1,1,1,1,1
0,1,10,1,3,2377,1,1,1,1,1,2,1,19,1,1,1,1,1,1,1
0,1,16,0,1,2431,1,2,1,1,1,2,1,34,1,1,1,1,1,1,1
0,1,30,0,1,1176,2,2,2,1,1,2,1,29,1,1,1,1,1,1,1
0,2,14,1,2,3508,2,2,1,1,1,1,1,23,1,1,1,1,1,1,1
0,2,31,2,4,1854,2,2,1,1,1,1,1,32,1,1,1,1,1,1,1
0,3,26,1,3,565,1,1,1,1,1,2,1,29,1,1,1,1,1,1,1
0,2,18,0,2,794,2,1,1,1,1,2,1,43,1,1,1,1,1,1,1
0,1,34,0,0,4127,2,1,1,1,1,1,1,41,1,1,1,1,1,1,1
0,1,12,1,1,887,2,2,1,1,1,1,1,28,1,1,1,1,1,1,1
0,2,11,0,0,4903,2,2,2,1,1,2,1,37,1,1,1,1,1,1,1
0,3,17,1,0,500,1,1,2,1,1,2,1,22,1,1,1,1,1,1,1
0,2,9,0,3,1429,2,1,1,1,1,2,1,38,1,1,1,1,1,1,1
0,2,19,2,2,4065,2,1,1,1,1,1,1,25,1,1,1,1,1,1,1
0,2,31,0,0,1045,2,1,2,1,1,1,1,47,1,1,1,1,1,1,1
0,1,14,1,0,376,2,2,1,1,1,2,1,19,1,1,1,1,1,1,1
0,1,7,1,4,2395,2,1,2,1,1,1,1,41,1,1,1,1,1,1,1
0,1,14,2,4,3528,1,2,1,1,1,2,1,41,1,1,1,1,1,1,1
0,2,22,0,0,3872,1,1,2,1,1,1,1,42,1,1,1,1,1,1,1
0,3,29,1,3,3589,1,1,1,1,1,2,1,43,1,1,1,1,1,1,1
0,2,31,0,0,3780,2,2,1,1,1,2,1,23,1,1,1,1,1,1,1
0,2,29,2,1,2032,2,2,1,1,1,2,1,40,1,1,1,1,1,1,1
0,1,7,1,2,1964,2,1,2,1,1,1,1,35,1,1,1,1,1,1,1
0,1,33,2,3,1472,2,1,1,1,1,2,1,34,1,1,1,1,1,1,1
0,2,18,1,4,1936,1,2,2,1,1,2,1,49,1,1,1,1,1,1,1
0,3,22,0,2,1397,1,2,1,1,1,2,1,34,1,1,1,1,1,1,1
0,1,9,1,1,3909,2,1,1,1,1,1,1,18,1,1,1,1,1,1,1
0,3,30,2,3,4814,1,2,1,1,1,1,1,36,1,1,1,1,1,1,1
0,3,8,1,3,3262,2,1,1,1,1,2,1,21,1,1,1,1,1,1,1
0,2,21,2,3,1849,1,2,2,1,1,1,1,19,1,1,1,1,1,1,1
0,2,9,1,4,1431,2,1,1,1,1,1,1,49,1,1,1,1,1,1,1
0,2,35,2,2,853,2,1,1,1,1,2,1,24,1,1,1,1,1,1,1
0,3,34,0,1,610,1,2,1,1,1,2,1,38,1,1,1,1,1,1,1
0,1,28,1,0,3860,1,1,2,1,1,2,1,18,1,1,1,1,1,1,1
0,1,7,0,0,835,1,2,2,1,1,1,1,26,1,1,1,1,1,1,1
0,2,9,1,0,2521,1,1,1,1,1,2,1,42,1,1,1,1,1,1,1
0,1,12,1,2,4184,2,1,2,1,1,1,1,24,1,1,1,1,1,1,1
0,3,8,0,3,2059,1,1,1,1,1,2,1,29,1,1,1,1,1,1,1
0,3,30,2,1,1985,2,1,1,1,1,2,1,22,1,1,1,1,1,1,1
0,1,21,0,4,451,1,1,1,1,1,1,1,48,1,1,1,1,1,1,1
0,3,27,0,3,2006,2,1,1,1,1,1,1,39,1,1,1,1,1,1,1
0,3,28,1,4,4137,2,1,2,1,1,2,1,23,1,1,1,1,1,1,1
0,3,5,2,3,2346,1,1,1,1,1,2,1,25,1,1,1,1,1,1,1
0,2,22,2,0,4721,2,1,2,1,1,2,1,41,1,1,1,1,1,1,1
0,2,5,0,3,3265,2,1,2,1,1,2,1,43,1,1,1,1,1,1,1
0,1,18,0,0,2877,1,2,2,1,1,1,1,37,1,1,1,1,1,1,1
0,1,21,2,0,3957,2,2,1,1,1,2,1,28,1,1,1,1,1,1,1
0,1,11,0,1,2616,2,1,2,1,1,2,1,23,1,1,1,1,1,1,1
0,3,25,1,1,2591,2,1,2,1,1,1,1,23,1,1,1,1,1,1,1
0,3,15,1,4,3327,2,2,1,1,1,1,1,22,1,1,1,1,1,1,1
0,2,18,0,4,305,2,1,2,1,1,2,1,46,1,1,1,1,1,1,1
0,2,20,1,2,2336,1,1,1,1,1,1,1,49,1,1,1,1,1,1,1
0,1,24,2,2,4907,1,1,1,1,1,1,1,48,1,1,1,1,1,1,1
0,1,35,0,4,2562,2,1,2,1,1,1,1,28,1,1,1,1,1,1,1
0,3,5,1,1,1467,1,1,1,1,1,2,1,43,1,1,1,1,1,1,1
0,2,21,0,0,2314,1,1,2,1,1,2,1,30,1,1,1,1,1,1,1
0,2,33,2,2,4540,1,2,2,1,1,2,1,34,1,1,1,1,1,1,1
0,3,16,1,1,3716,2,2,2,1,1,1,1,43,1,1,1,1,1,1,1
0,1,26,2,0,4366,2,2,2,1,1,2,1,23,1,1,1,1,1,1,1
0,2,18,0,2,1374,1,1,2,1,1,1,1,31,1,1,1,1,1,1,1
0,2,26,0,1,3954,2,1,2,1,1,2,1,29,1,1,1,1,1,1,1
0,2,4,1,4,302,1,1,1,1,1,2,1,40,1,1,1,1,1,1,1
0,2,6,2,1,705,1,1,1,1,1,2,1,28,1,1,1,1,1,1,1
0,2,23,0,2,2175,1,1,1,1,1,1,1,25,1,1,1,1,1,1,1
0,3,27,2,0,3592,1,1,1,1,1,1,1,18,1,1,1,1,1,1,1
0,3,32,2,2,1900,2,2,2,1,1,2,1,42,1,1,1,1,1,1,1
0,3,29,1,3,1000,1,2,1,1,1,2,1,34,1,1,1,1,1,1,1
0,1,18,2,4,3273,1,2,2,1,1,2,1,45,1,1,1,1,1,1,1
0,2,22,0,3,1069,1,1,2,1,1,1,1,41,1,1,1,1,1,1,1
0,3,15,0,2,657,1,2,2,1,1,1,1,48,1,1,1,1,1,1,1
0,2,24,1,2,1109,2,2,1,1,1,2,1,42,1,1,1,1,1,1,1
0,2,13,2,1,2418,2,2,2,1,1,2,1,46,1,1,1,1,1,1,1
0,2,18,0,1,1349,1,2,2,1,1,2,1,42,1,1,1,1,1,1,1
0,2,4,0,3,1105,2,2,1,1,1,2,1,49,1,1,1,1,1,1,1
0,1,16,1,1,2806,2,2,1,1,1,2,1,48,1,1,1,1,1,1,1
0,3,26,2,1,3106,2,1,1,1,1,1,1,48,1,1,1,1,1,1,1
0,3,13,2,3,4022,2,1,1,1,1,2,1,43,1,1,1,1,1,1,1
0,1,22,2,1,312,2,1,2,1,1,1,1,38,1,1,1,1,1,1,1
0,2,8,0,3,1727,2,2,2,1,1,1,1,32,1,1,1,1,1,1,1
0,2,11,0,0,692,1,1,1,1,1,2,1,18,1,1,1,1,1,1,1
0,1,7,1,3,4934,2,2,1,1,1,2,1,48,1,1,1,1,1,1,1
0,1,20,0,1,3852,2,2,2,1,1,2,1,47,1,1,1,1,1,1,1
0,1,16,1,4,2682,1,1,1,1,1,2,1,32,1,1,1,1,1,1,1
0,3,9,1,4,1275,1,1,1,1,1,2,1,21,1,1,1,1,1,1,1
0,2,24,2,3,967,2,2,2,1,1,1,1,40,1,1,1,1,1,1,1
0,3,17,1,4,1876,1,2,2,1,1,1,1,33,1,1,1,1,1,1,1
0,2,20,2,4,3389,2,2,1,1,1,2,1,26,1,1,1,1,1,1,1
0,3,17,2,1,2147,2,1,1,1,1,1,1,21,1,1,1,1,1,1,1
0,1,22,0,0,276,1,2,2,1,1,1,1,22,1,1,1,1,1,1,1
0,3,23,0,0,2023,2,2,1,1,1,2,1,38,1,1,1,1,1,1,1
0,1,21,1,1,4871,2,2,2,1,1,1,1,32,1,1,1,1,1,1,1
0,2,11,1,0,3754,1,2,2,1,1,1,1,46,1,1,1,1,1,1,1
0,2,30,1,3,818,1,2,1,1,1,1,1,22,1,1,1,1,1,1,1
0,2,21,1,0,308,2,2,2,1,1,1,1,45,1,1,1,1,1,1,1
0,1,18,0,4,3339,1,1,2,1,1,2,1,35,1,1,1,1,1,1,1
0,1,33,1,1,641,1,2,1,1,1,2,1,45,1,1,1,1,1,1,1
0,1,7,2,2,2580,2,2,2,1,1,2,1,37,1,1,1,1,1,1,1
0,1,14,0,4,2729,2,1,1,1,1,2,1,42,1,1,1,1,1,1,1
0,1,24,2,4,4056,2,1,1,1,1,2,1,42,1,1,1,1,1,1,1
0,1,14,1,3,1622,2,1,2,1,1,1,1,21,1,1,1,1,1,1,1
0,2,5,0,2,3827,2,2,1,1,1,2,1,36,1,1,1,1,1,1,1
0,1,27,2,3,4020,1,1,2,1,1,1,1,19,1,1,1,1,1,1,1
0,3,24,0,1,2304,2,1,1,1,1,1,1,30,1,1,1,1,1,1,1
0,3,20,2,2,1153,1,1,2,1,1,2,1,38,1,1,1,1,1,1,1
0,2,14,0,1,2991,2,2,2,1,1,2,1,25,1,1,1,1,1,1,1
0,2,22,2,0,4209,1,2,1,1,1,2,1,40,1,1,1,1,1,1,1
0,2,32,2,4,2324,1,2,1,1,1,2,1,30,1,1,1,1,1,1,1
0,3,30,2,0,3957,1,2,1,1,1,2,1,42,1,1,1,1,1,1,1
0,2,27,0,1,1367,1,1,1,1,1,1,1,33,1,1,1,1,1,1,1
0,2,24,2,3,4779,2,1,2,1,1,1,1,18,1,1,1,1,1,1,1
0,1,20,2,4,4823,2,1,2,1,1,1,1,19,1,1,1,1,1,1,1
0,2,6,1,4,3185,2,2,1,1,1,2,1,31,1,1,1,1,1,1,1
0,3,10,2,2,4785,1,1,2,1,1,1,1,19,1,1,1,1,1,1,1
0,2,13,1,0,401,1,2,2,1,1,2,1,21,1,1,1,1,1,1,1
0,2,6,0,1,2995,1,1,2,1,1,1,1,25,1,1,1,1,1,1,1
0,1,24,2,1,2938,2,2,1,1,1,2,1,42,1,1,1,1,1,1,1
0,1,16,0,1,653,2,2,2,1,1,1,1,48,1,1,1,1,1,1,1
0,2,13,1,1,3372,1,2,2,1,1,2,1,48,1,1,1,1,1,1,1
0,2,29,1,3,3736,1,1,2,1,1,2,1,22,1,1,1,1,1,1,1
0,3,32,0,1,3871,1,1,1,1,1,1,1,24,1,1,1,1,1,1,1
0,2,25,2,3,2168,2,2,1,1,1,1,1,45,1,1,1,1,1,1,1
0,3,8,0,3,4323,2,2,1,1,1,2,1,44,1,1,1,1,1,1,1
0,3,30,1,2,4991,1,1,1,1,1,1,1,20,1,1,1,1,1,1,1
0,2,8,1,2,4405,1,1,2,1,1,1,1,31,1,1,1,1,1,1,1
0,3,13,2,0,4791,2,2,1,1,1,1,1,24,1,1,1,1,1,1,1
0,3,14,1,1,1216,2,2,2,1,1,1,1,33,1,1,1,1,1,1,1
0,1,16,2,3,3525,1,2,2,1,1,2,1,43,1,1,1,1,1,1,1
0,2,12,2,2,1931,2,2,1,1,1,1,1,34,1,1,1,1,1,1,1
0,2,5,2,1,3353,1,1,2,1,1,2,1,34,1,1,1,1,1,1,1
0,2,9,1,2,4430,1,2,1,1,1,1,1,36,1,1,1,1,1,1,1
0,3,11,0,2,4436,2,2,1,1,1,2,1,49,1,1,1,1,1,1,1
0,2,4,0,0,1007,1,2,1,1,1,1,1,27,1,1,1,1,1,1,1
0,2,30,1,3,2476,2,1,2,1,1,1,1,43,1,1,1,1,1,1,1
0,2,5,0,3,1860,2,1,2,1,1,2,1,18,1,1,1,1,1,1,1
0,3,30,0,2,2677,2,2,2,1,1,1,1,33,1,1,1,1,1,1,1
0,1,7,1,1,4897,2,2,2,1,1,1,1,39,1,1,1,1,1,1,1
0,2,29,0,3,4473,2,2,1,1,1,2,1,34,1,1,1,1,1,1,1
0,1,22,1,0,3529,1,1,2,1,1,2,1,28,1,1,1,1,1,1,1
0,2,28,2,3,263,1,1,2,1,1,2,1,47,1,1,1,1,1,1,1
0,2,22,2,0,1437,1,2,1,1,1,2,1,22,1,1,1,1,1,1,1
0,3,24,0,1,736,1,1,1,1,1,2,1,25,1,1,1,1,1,1,1
0,1,34,1,2,2165,2,2,2,1,1,2,1,41,1,1,1,1,1,1,1
0,3,32,2,1,3717,2,1,1,1,1,1,1,35,1,1,1,1,1,1,1
0,1,12,1,1,609,1,2,1,1,1,1,1,26,1,1,1,1,1,1,1
0,3,22,1,0,4677,2,2,2,1,1,1,1,24,1,1,1,1,1,1,1
0,1,29,1,1,2501,1,2,1,1,1,1,1,31,1,1,1,1,1,1,1
0,3,28,0,2,2989,2,1,1,1,1,1,1,23,1,1,1,1,1,1,1
0,1,11,2,3,330,1,2,2,1,1,1,1,35,1,1,1,1,1,1,1
0,1,14,0,0,790,2,2,1,1,1,1,1,23,1,1,1,1,1,1,1
0,1,31,1,0,4354,1,2,2,1,1,2,1,22,1,1,1,1,1,1,1
0,1,32,2,1,4491,1,1,2,1,1,1,1,20,1,1,1,1,1,1,1
0,2,28,0,1,486,1,2,2,1,1,2,1,40,1,1,1,1,1,1,1
0,3,22,2,1,1494,1,1,2,1,1,1,1,46,1,1,1,1,1,1,1
0,1,7,0,4,1939,2,2,2,1,1,2,1,44,1,1,1,1,1,1,1
0,1,16,1,2,3672,1,2,2,1,1,1,1,35,1,1,1,1,1,1,1
0,2,23,2,1,3445,2,1,2,1,1,1,1,48,1,1,1,1,1,1,1
0,3,17,1,4,351,2,1,1,1,1,1,1,45,1,1,1,1,1,1,1
0,2,26,1,0,1653,1,2,2,1,1,2,1,19,1,1,1,1,1,1,1
0,1,4,2,2,1460,1,2,2,1,1,1,1,45,1,1,1,1,1,1,1
0,1,14,2,4,3596,2,2,1,1,1,1,1,25,1,1,1,1,1,1,1
0,1,7,0,0,3195,1,1,1,1,1,2,1,31,1,1,1,1,1,1,1
0,1,10,0,3,4868,2,1,2,1,1,1,1,43,1,1,1,1,1,1,1
0,1,31,1,3,2237,1,1,2,1,1,1,1,23,1,1,1,1,1,1,1
0,2,7,0,2,2231,1,2,1,1,1,1,1,49,1,1,1,1,1,1,1
0,1,29,2,4,1034,2,1,2,1,1,1,1,22,1,1,1,1,1,1,1
0,3,10,2,4,2934,2,1,2,1,1,1,1,44,1,1,1,1,1,1,1
0,3,23,2,0,4096,2,2,2,1,1,2,1,35,1,1,1,1,1,1,1
0,3,6,1,3,2101,1,2,2,1,1,1,1,33,1,1,1,1,1,1,1
0,1,22,0,3,4082,2,1,1,1,1,1,1,39,1,1,1,1,1,1,1
0,1,22,0,1,4857,1,2,2,1,1,1,1,25,1,1,1,1,1,1,1
0,3,10,0,4,4047,2,1,2,1,1,1,1,26,1,1,1,1,1,1,1
0,1,24,0,2,2032,1,2,1,1,1,2,1,36,1,1,1,1,1,1,1
0,3,15,0,3,3522,2,1,1,1,1,2,1,38,1,1,1,1,1,1,1
0,3,26,0,2,3488,1,1,1,1,1,2,1,43,1,1,1,1,1,1,1
0,1,4,0,2,2212,2,1,1,1,1,1,1,25,1,1,1,1,1,1,1
0,2,8,1,1,3291,1,1,1,1,1,2,1,47,1,1,1,1,1,1,1
0,2,17,0,3,4437,2,2,1,1,1,2,1,20,1,1,1,1,1,1,1
0,2,13,0,2,1031,2,2,1,1,1,1,1,26,1,1,1,1,1,1,1
0,1,6,0,3,3235,2,2,2,1,1,1,1,36,1,1,1,1,1,1,1
0,1,5,1,1,578,1,2,1,1,1,2,1,35,1,1,1,1,1,1,1
0,2,16,0,0,1624,1,2,1,1,1,1,1,26,1,1,1,1,1,1,1
0,1,19,1,0,1414,2,1,1,1,1,2,1,25,1,1,1,1,1,1,1
0,1,26,1,0,860,1,1,2,1,1,2,1,19,1,1,1,1,1,1,1
0,2,5,1,2,2173,1,2,1,1,1,2,1,21,1,1,1,1,1,1,1
0,3,27,2,2,2530,1,1,2,1,1,2,1,44,1,1,1,1,1,1,1
0,3,16,0,2,2559,2,2,1,1,1,1,1,39,1,1,1,1,1,1,1
0,1,9,2,3,3874,2,2,1,1,1,1,1,33,1,1,1,1,1,1,1
0,3,10,0,4,1713,2,2,2,1,1,1,1,42,1,1,1,1,1,1,1
0,2,5,1,3,1967,2,1,2,1,1,1,1,49,1,1,1,1,1,1,1
0,2,14,1,0,528,1,2,1,1,1,2,1,49,1,1,1,1,1,1,1
0,3,10,0,4,4703,1,2,1,1,1,2,1,49,1,1,1,1,1,1,1
0,2,33,0,1,2833,2,2,1,1,1,2,1,35,1,1,1,1,1,1,1
0,3,10,1,4,501,2,2,1,1,1,2,1,48,1,1,1,1,1,1,1
0,3,10,0,1,4212,2,2,2,1,1,2,1,37,1,1,1,1,1,1,1
0,2,10,0,2,1182,2,2,2,1,1,2,1,43,1,1,1,1,1,1,1
0,3,15,2,0,4533,2,1,1,1,1,1,1,19,1,1,1,1,1,1,1
0,1,22,1,2,3356,2,2,1,1,1,2,1,28,1,1,1,1,1,1,1
0,1,25,2,3,594,2,2,1,1,1,2,1,36,1,1,1,1,1,1,1
0,3,34,1,2,1862,2,1,1,1,1,1,1,25,1,1,1,1,1,1,1
0,2,22,2,2,1834,2,2,2,1,1,1,1,29,1,1,1,1,1,1,1
0,2,22,0,4,4127,1,2,2,1,1,2,1,23,1,1,1,1,1,1,1
0,3,23,0,1,3780,2,1,1,1,1,1,1,44,1,1,1,1,1,1,1
0,3,6,1,0,3174,2,2,1,1,1,2,1,26,1,1,1,1,1,1,1
0,2,16,1,2,1206,1,2,1,1,1,1,1,23,1,1,1,1,1,1,1
0,1,33,1,2,1913,1,2,1,1,1,1,1,37,1,1,1,1,1,1,1
0,3,13,2,1,1514,2,2,2,1,1,1,1,20,1,1,1,1,1,1,1
0,1,23,1,3,1799,1,2,2,1,1,1,1,39,1,1,1,1,1,1,1
0,3,12,0,3,4621,1,1,1,1,1,1,1,22,1,1,1,1,1,1,1
0,1,9,1,4,291,2,1,1,1,1,1,1,42,1,1,1,1,1,1,1
0,3,24,0,1,1381,1,1,2,1,1,1,1,48,1,1,1,1,1,1,1
0,2,25,2,2,2442,1,2,1,1,1,1,1,19,1,1,1,1,1,1,1
0,3,15,0,3,3826,2,2,1,1,1,1,1,18,1,1,1,1,1,1,1
0,2,5,0,3,4344,2,2,2,1,1,2,1,42,1,1,1,1,1,1,1
0,1,15,2,0,3052,2,1,1,1,1,2,1,31,1,1,1,1,1,1,1
0,2,19,0,0,4255,1,2,1,1,1,2,1,33,1,1,1,1,1,1,1
0,2,34,2,4,1800,1,1,2,1,1,1,1,42,1,1,1,1,1,1,1
0,3,16,2,3,926,1,2,2,1,1,2,1,22,1,1,1,1,1,1,1
0,3,19,2,3,553,1,2,1,1,1,1,1,18,1,1,1,1,1,1,1
0,1,16,0,1,2170,2,2,1,1,1,1,1,22,1,1,1,1,1,1,1
0,2,25,2,0,4139,2,2,1,1,1,1,1,46,1,1,1,1,1,1,1
0,1,28,1,0,3231,1,1,1,1,1,1,1,36,1,1,1,1,1,1,1
0,1,22,0,3,4600,1,2,1,1,1,2,1,41,1,1,1,1,1,1,1
0,1,29,0,4,4805,2,2,1,1,1,1,1,38,1,1,1,1,1,1,1
0,3,17,1,3,610,1,2,2,1,1,1,1,22,1,1,1,1,1,1,1
0,1,34,1,2,744,1,2,1,1,1,2,1,23,1,1,1,1,1,1,1
0,2,32,1,0,2058,1,2,1,1,1,1,1,47,1,1,1,1,1,1,1
0,1,16,1,0,2052,1,2,2,1,1,2,1,32,1,1,1,1,1,1,1
0,3,13,2,1,3839,2,2,1,1,1,1,1,40,1,1,1,1,1,1,1
0,2,25,0,4,1853,1,1,1,1,1,1,1,33,1,1,1,1,1,1,1
0,1,10,0,1,2572,1,1,2,1,1,1,1,37,1,1,1,1,1,1,1
0,2,8,1,0,3377,2,1,1,1,1,1,1,30,1,1,1,1,1,1,1
0,3,20,2,4,1604,2,1,1,1,1,1,1,47,1,1,1,1,1,1,1
0,1,12,2,3,2406,1,1,1,1,1,2,1,25,1,1,1,1,1,1,1
0,1,30,1,3,1305,1,2,2,1,1,1,1,18,1,1,1,1,1,1,1
0,1,34,1,4,845,2,1,2,1,1,2,1,43,1,1,1,1,1,1,1
0,3,9,1,2,4493,1,2,1,1,1,2,1,48,1,1,1,1,1,1,1
0,2,19,1,3,3481,2,2,2,1,1,2,1,38,1,1,1,1,1,1,1
0,1,35,2,1,3085,1,1,1,1,1,2,1,38,1,1,1,1,1,1,1
0,1,9,0,3,3105,1,1,2,1,1,2,1,44,1,1,1,1,1,1,1
0,1,9,2,3,859,2,1,1,1,1,2,1,23,1,1,1,1,1,1,1
0,1,31,0,2,4262,1,2,1,1,1,1,1,28,1,1,1,1,1,1,1
0,2,21,0,3,2542,2,2,2,1,1,2,1,42,1,1,1,1,1,1,1
0,3,35,0,1,4070,1,1,2,1,1,1,1,29,1,1,1,1,1,1,1
0,3,4,2,1,688,1,2,2,1,1,1,1,39,1,1,1,1,1,1,1
0,2,20,1,1,4056,2,2,2,1,1,1,1,46,1,1,1,1,1,1,1
0,1,20,1,0,1396,2,2,2,1,1,2,1,24,1,1,1,1,1,1,1
0,2,4,2,3,330,1,2,1,1,1,1,1,19,1,1,1,1,1,1,1
0,2,34,2,3,2808,2,1,2,1,1,1,1,38,1,1,1,1,1,1,1
0,2,14,0,4,1408,1,1,2,1,1,2,1,31,1,1,1,1,1,1,1
0,2,16,2,2,1944,1,1,2,1,1,2,1,33,1,1,1,1,1,1,1
0,2,33,0,0,4934,1,2,2,1,1,2,1,33,1,1,1,1,1,1,1
0,2,4,2,3,2165,2,2,1,1,1,1,1,29,1,1,1,1,1,1,1
0,3,33,1,1,3739,1,2,1,1,1,2,1,39,1,1,1,1,1,1,1
0,3,30,1,0,852,2,2,2,1,1,2,1,21,1,1,1,1,1,1,1
0,2,11,1,0,3456,1,2,2,1,1,2,1,47,1,1,1,1,1,1,1
0,2,26,2,1,882,2,1,1,1,1,1,1,27,1,1,1,1,1,1,1
0,2,23,0,4,3476,2,1,1,1,1,1,1,40,1,1,1,1,1,1,1
0,3,9,1,3,4627,2,1,1,1,1,2,1,42,1,1,1,1,1,1,1
0,1,8,0,2,2823,1,2,1,1,1,2,1,41,1,1,1,1,1,1,1
0,1,23,1,4,3029,2,2,1,1,1,1,1,22,1,1,1,1,1,1,1
0,1,35,0,2,2872,2,1,1,1,1,1,1,46,1,1,1,1,1,1,1
0,2,8,2,2,3379,1,2,2,1,1,2,1,44,1,1,1,1,1,1,1
0,1,9,2,3,2591,2,2,2,1,1,1,1,41,1,1,1,1,1,1,1
0,2,32,0,0,3727,2,2,2,1,1,1,1,42,1,1,1,1,1,1,1
0,1,16,2,1,357,1,2,1,1,1,2,1,35,1,1,1,1,1,1,1
0,3,30,0,2,754,2,2,2,1,1,2,1,38,1,1,1,1,1,1,1
0,3,21,2,4,2091,2,2,2,1,1,1,1,23,1,1,1,1,1,1,1
0,2,23,2,3,518,1,1,2,1,1,1,1,39,1,1,1,1,1,1,1
0,1,16,0,3,3136,1,1,1,1,1,2,1,47,1,1,1,1,1,1,1
0,1,10,1,4,1015,2,2,1,1,1,2,1,32,1,1,1,1,1,1,1
0,1,11,1,2,323,1,1,1,1,1,1,1,37,1,1,1,1,1,1,1
0,1,24,1,2,3204,1,2,2,1,1,2,1,26,1,1,1,1,1,1,1
0,1,20,0,2,4820,1,2,1,1,1,2,1,48,1,1,1,1,1,1,1
0,3,33,1,4,1625,1,2,2,1,1,1,1,21,1,1,1,1,1,1,1
0,2,4,2,2,3551,1,2,2,1,1,2,1,23,1,1,1,1,1,1,1
0,1,27,1,4,2592,1,2,2,1,1,2,1,21,1,1,1,1,1,1,1
0,3,19,2,3,1450,2,2,1,1,1,2,1,38,1,1,1,1,1,1,1
0,1,14,1,4,1974,1,2,1,1,1,1,1,24,1,1,1,1,1,1,1
0,3,32,1,1,768,1,2,2,1,1,2,1,48,1,1,1,1,1,1,1
0,2,7,0,0,3306,2,1,2,1,1,2,1,19,1,1,1,1,1,1,1
0,1,33,2,0,881,1,1,2,1,1,2,1,43,1,1,1,1,1,1,1
0,1,7,2,1,763,2,1,2,1,1,2,1,27,1,1,1,1,1,1,1
0,3,20,2,4,1465,2,1,1,1,1,2,1,30,1,1,1,1,1,1,1
0,2,20,1,0,3515,2,2,1,1,1,2,1,41,1,1,1,1,1,1,1
0,3,13,1,1,1911,2,1,2,1,1,2,1,40,1,1,1,1,1,1,1
0,3,24,0,2,1551,2,1,1,1,1,2,1,23,1,1,1,1,1,1,1
0,2,24,0,1,1064,1,1,2,1,1,1,1,20,1,1,1,1,1,1,1
0,1,9,0,0,2042,2,1,1,1,1,2,1,43,1,1,1,1,1,1,1
0,1,35,1,4,4048,2,2,2,1,1,2,1,45,1,1,1,1,1,1,1
0,3,28,0,4,3486,1,2,2,1,1,2,1,32,1,1,1,1,1,1,1
0,2,34,2,4,3988,1,1,2,1,1,2,1,37,1,1,1,1,1,1,1
0,2,28,0,0,1934,2,2,2,1,1,2,1,23,1,1,1,1,1,1,1
0,1,20,1,2,4686,1,2,1,1,1,2,1,44,1,1,1,1,1,1,1
0,1,21,0,4,3176,1,1,1,1,1,1,1,42,1,1,1,1,1,1,1
0,3,25,2,3,3383,2,2,2,1,1,1,1,46,1,1,1,1,1,1,1
0,1,29,2,2,2200,2,1,1,1,1,1,1,46,1,1,1,1,1,1,1
0,2,13,2,1,2965,1,2,2,1,1,2,1,21,1,1,1,1,1,1,1
0,3,16,1,3,3038,1,1,1,1,1,1,1,33,1,1,1,1,1,1,1
0,3,34,2,2,1859,1,2,2,1,1,2,1,19,1,1,1,1,1,1,1
0,2,19,0,0,3650,2,1,1,1,1,2,1,43,1,1,1,1,1,1,1
0,1,10,0,3,1169,2,1,2,1,1,1,1,40,1,1,1,1,1,1,1
0,1,18,2,2,4664,1,1,2,1,1,2,1,28,1,1,1,1,1,1,1
0,2,5,1,2,4394,1,2,2,1,1,1,1,25,1,1,1,1,1,1,1
0,1,8,2,2,2273,1,1,2,1,1,1,1,26,1,1,1,1,1,1,1
0,1,20,0,2,1573,2,2,2,1,1,1,1,35,1,1,1,1,1,1,1
0,3,8,0,4,903,2,2,1,1,1,1,1,43,1,1,1,1,1,1,1
0,1,11,2,3,754,2,2,1,1,1,1,1,25,1,1,1,1,1,1,1
0,1,34,1,2,617,2,2,2,1,1,1,1,37,1,1,1,1,1,1,1
0,2,27,0,1,1267,1,2,2,1,1,1,1,47,1,1,1,1,1,1,1
0,2,31,1,2,1027,1,2,1,1,1,2,1,25,1,1,1,1,1,1,1
0,2,18,2,4,3477,2,1,2,1,1,2,1,27,1,1,1,1,1,1,1
0,2,11,0,3,1247,2,1,2,1,1,1,1,38,1,1,1,1,1,1,1
0,2,33,0,3,4352,1,1,2,1,1,1,1,19,1,1,1,1,1,1,1
0,2,26,0,2,3636,1,2,2,1,1,2,1,35,1,1,1,1,1,1,1
0,3,6,0,2,4943,1,2,2,1,1,1,1,42,1,1,1,1,1,1,1
0,1,34,0,1,4068,2,2,1,1,1,1,1,46,1,1,1,1,1,1,1
0,3,26,0,3,3589,1,1,2,1,1,2,1,28,1,1,1,1,1,1,1
0,1,20,2,3,2711,1,2,1,1,1,1,1,30,1,1,1,1,1,1,1
0,2,31,0,3,4426,1,2,2,1,1,2,1,33,1,1,1,1,1,1,1
0,1,19,0,0,1437,1,1,1,1,1,2,1,20,1,1,1,1,1,1,1
0,3,19,2,3,1838,1,2,2,1,1,2,1,18,1,1,1,1,1,1,1
0,1,22,0,3,1219,2,2,1,1,1,2,1,42,1,1,1,1,1,1,1
0,1,15,0,1,4445,2,1,1,1,1,1,1,39,1,1,1,1,1,1,1
0,2,27,2,1,1913,2,2,1,1,1,1,1,23,1,1,1,1,1,1,1
0,3,18,0,4,3476,2,1,2,1,1,1,1,37,1,1,1,1,1,1,1
0,2,11,0,1,813,2,2,1,1,1,2,1,18,1,1,1,1,1,1,1
0,2,34,2,3,585,1,2,1,1,1,2,1,35,1,1,1,1,1,1,1
0,2,30,0,3,2581,1,1,1,1,1,2,1,41,1,1,1,1,1,1,1
0,1,6,2,3,2430,1,2,1,1,1,2,1,32,1,1,1,1,1,1,1
0,1,26,0,1,3680,1,1,1,1,1,1,1,38,1,1,1,1,1,1,1
0,3,21,0,2,2401,2,2,1,1,1,1,1,44,1,1,1,1,1,1,1
0,1,7,2,0,2539,2,2,2,1,1,1,1,22,1,1,1,1,1,1,1
0,1,11,1,4,2735,2,1,1,1,1,1,1,22,1,1,1,1,1,1,1
0,3,17,2,2,4113,2,2,1,1,1,2,1,30,1,1,1,1,1,1,1
0,2,31,1,0,1808,2,2,2,1,1,2,1,30,1,1,1,1,1,1,1
0,3,20,1,1,1622,1,1,1,1,1,1,1,22,1,1,1,1,1,1,1
1,3,56,4,7,12856,3,4,4,2,1,3,3,57,1,1,2,3,1,1,1
1,3,52,3,3,12040,3,4,4,2,1,3,2,45,2,2,2,2,2,1,1
1,2,30,3,3,11281,3,4,3,2,1,3,2,56,1,1,1,3,1,1,1
1,2,38,2,8,13956,2,3,3,2,2,3,3,45,1,1,2,3,1,1,1
1,3,55,2,6,15127,2,3,3,2,1,4,2,44,2,2,2,2,1,1,1
1,2,30,2,3,16700,4,3,4,3,2,4,2,68,1,1,2,3,2,1,1
1,2,57,3,8,14964,3,4,4,3,2,3,2,46,2,2,2,3,2,1,1
1,2,70,3,6,18365,4,4,4,3,2,4,2,59,1,2,1,3,2,1,1
1,2,50,4,8,18054,4,4,3,2,1,3,3,48,1,2,1,3,2,1,1
1,3,56,3,3,19724,4,4,4,2,2,4,2,36,1,2,2,2,2,1,1
1,2,70,2,3,6692,3,3,3,3,2,3,3,31,1,1,1,2,2,1,1
1,3,55,3,9,16761,2,3,3,2,2,3,2,47,1,1,2,3,1,1,1
1,2,31,2,4,12203,3,3,3,3,1,3,3,30,1,1,2,2,2,1,1
1,3,63,2,6,8604,3,4,4,3,1,4,2,60,2,1,2,3,2,1,1
1,3,25,2,8,8334,3,3,3,2,1,3,3,31,2,1,1,2,2,1,1
1,2,29,2,7,18865,4,4,3,3,1,4,2,41,2,1,1,3,2,1,1
1,3,61,2,3,14119,4,3,4,2,2,4,2,61,2,1,1,2,2,1,1
1,3,51,2,6,6241,4,4,3,2,2,4,2,62,2,1,2,3,1,1,1
1,3,62,2,7,18252,2,3,3,3,2,4,3,40,1,1,1,2,2,1,1
1,3,69,3,3,7286,2,4,4,3,1,4,3,33,2,1,2,2,1,1,1
1,3,47,3,5,8469,2,4,3,3,1,3,3,54,2,1,1,3,1,1,1
1,2,36,4,7,19241,2,4,4,3,1,3,3,42,2,2,1,3,1,1,1
1,2,33,4,9,18457,3,3,3,3,1,3,3,56,2,2,2,3,1,1,1
1,3,53,4,3,5111,4,3,3,3,1,4,3,34,1,2,1,3,2,1,1
1,3,53,2,3,14793,4,4,3,2,2,3,2,44,1,1,2,2,1,1,1
1,3,37,3,8,5601,3,4,4,3,1,4,2,50,2,2,2,3,2,1,1
1,2,47,3,7,14775,3,4,4,3,1,3,3,44,1,2,1,2,2,1,1
1,2,48,3,6,11486,4,3,4,2,2,4,2,34,2,1,1,3,2,1,1
1,2,33,4,4,9650,4,3,3,3,2,4,2,53,1,2,2,2,2,1,1
1,3,28,2,8,15390,2,4,3,3,1,3,3,40,2,1,2,3,2,1,1
1,3,61,3,3,19289,2,4,4,2,1,3,3,41,1,1,1,3,1,1,1
1,2,35,4,6,15051,3,3,3,3,2,4,3,51,2,2,2,2,1,1,1
1,2,46,4,5,14363,4,3,4,3,1,4,2,32,1,1,1,2,1,1,1
1,3,48,3,8,8357,4,4,4,3,1,4,2,41,2,2,1,2,2,1,1
1,2,61,3,7,5758,2,4,4,3,2,4,3,39,2,1,1,3,2,1,1
1,2,64,3,6,10444,2,3,4,2,2,4,2,60,1,2,2,2,2,1,1
1,2,64,3,9,6492,4,4,3,2,2,3,3,61,2,2,1,2,2,1,1
1,3,58,3,6,17653,3,3,3,2,2,4,3,54,2,2,1,3,2,1,1
1,2,70,4,6,16166,2,4,4,2,2,3,3,38,1,1,1,3,2,1,1
1,2,57,3,4,6708,4,4,3,3,2,4,3,46,2,2,1,2,2,1,1
1,3,37,4,4,6487,3,3,4,2,1,4,2,47,2,2,1,2,2,1,1
1,2,57,4,8,13188,4,3,3,2,1,4,3,59,2,2,2,2,2,1,1
1,3,31,3,8,12940,4,4,3,3,2,3,3,59,2,1,1,3,2,1,1
1,3,36,3,5,7003,4,3,3,3,2,4,2,45,1,1,2,2,1,1,1
1,3,33,4,9,7981,3,3,3,3,1,4,2,37,1,1,2,3,2,1,1
1,3,70,3,3,15292,3,3,4,2,2,4,2,54,2,1,1,2,1,1,1
1,2,53,4,4,6344,4,4,3,2,1,3,2,40,1,1,1,3,1,1,1
1,2,36,3,8,14745,4,3,4,3,2,3,2,38,1,1,1,3,1,1,1
1,2,59,2,4,17945,3,4,4,3,2,4,2,40,2,1,2,2,1,1,1
1,3,58,3,4,19321,4,4,4,3,2,3,3,69,1,1,1,2,2,1,1
1,2,25,3,4,14639,4,4,3,3,1,4,2,65,1,2,2,2,1,1,1
1,3,41,2,8,17904,3,4,4,3,2,3,2,52,1,1,2,2,2,1,1
1,2,67,2,9,10394,2,3,4,3,1,4,2,30,1,2,1,3,1,1,1
1,3,33,3,8,17163,3,3,4,2,1,3,2,47,1,2,2,3,2,1,1
1,3,40,3,5,14530,2,4,3,3,2,4,3,38,2,2,1,2,1,1,1
1,3,27,2,6,16776,2,3,3,2,1,3,2,52,1,2,1,3,1,1,1
1,2,65,4,7,11775,3,3,4,2,2,3,2,41,2,1,1,3,2,1,1
1,3,46,2,9,11691,2,4,3,3,2,4,2,59,1,2,1,3,2,1,1
1,3,71,3,7,15521,4,3,4,2,1,4,3,62,2,2,1,3,1,1,1
1,2,44,2,6,7388,3,3,4,2,2,4,2,49,1,1,1,2,1,1,1
1,3,48,2,3,8677,2,3,3,3,2,4,3,68,1,1,2,2,2,1,1
1,3,57,3,5,17737,2,3,3,2,1,4,3,62,1,1,1,2,2,1,1
1,2,44,2,5,17174,3,3,4,3,1,3,2,67,2,1,1,2,2,1,1
1,3,45,4,4,12724,3,3,3,3,1,4,2,39,1,2,1,3,2,1,1
1,2,60,2,6,13934,4,3,4,2,1,3,3,58,1,1,1,2,2,1,1
1,3,68,2,4,13452,2,4,4,3,2,4,2,48,1,2,1,3,2,1,1
1,2,36,2,7,12878,3,3,4,2,2,4,2,51,2,2,1,2,2,1,1
1,3,50,2,7,18969,2,3,3,3,1,4,2,60,1,2,1,3,2,1,1
1,2,26,4,6,7269,2,3,3,2,1,4,2,63,2,1,1,3,2,1,1
1,3,46,3,9,7493,2,3,4,2,1,4,2,62,2,2,1,3,1,1,1
1,3,70,3,7,19136,3,3,4,2,2,4,3,37,1,2,2,3,2,1,1
1,3,43,3,8,7320,4,3,4,3,1,3,3,68,1,1,2,3,2,1,1
1,2,42,3,5,16458,2,4,4,2,1,4,3,65,2,1,1,3,1,1,1
1,3,58,3,4,15830,3,3,4,3,2,3,2,54,2,2,2,2,2,1,1
1,2,55,3,5,8434,2,4,4,3,2,3,2,31,2,1,1,2,1,1,1
1,2,27,3,6,5689,4,3,3,3,2,4,3,48,1,1,1,2,1,1,1
1,2,24,4,6,5024,2,3,3,2,2,4,2,30,2,2,1,2,2,1,1
1,3,51,2,7,11009,4,4,4,3,1,3,2,50,2,1,2,2,1,1,1
1,3,70,2,3,17693,3,3,4,2,2,3,3,30,1,2,2,3,1,1,1
1,3,46,3,8,6544,3,3,4,2,1,4,2,38,2,2,2,2,2,1,1
1,2,27,3,3,13904,3,3,4,3,1,4,3,44,2,1,1,2,1,1,1
1,3,56,2,6,18601,2,3,3,2,1,4,2,68,1,1,2,2,1,1,1
1,2,35,2,5,17357,4,4,4,3,1,4,3,48,2,2,2,2,1,1,1
1,2,48,2,8,6632,2,4,3,3,1,3,2,32,1,2,2,3,2,1,1
1,3,52,4,4,19325,4,3,4,2,1,3,2,33,2,2,2,2,2,1,1
1,2,64,3,3,9352,3,4,3,3,1,3,2,48,2,2,1,3,2,1,1
1,2,33,3,3,9907,2,4,4,3,1,3,2,37,1,1,2,2,2,1,1
1,2,26,3,5,15611,3,3,4,2,2,4,3,36,1,2,2,3,1,1,1
1,3,38,4,6,5262,3,4,4,2,2,4,2,30,2,2,2,3,1,1,1
1,2,34,2,7,17686,4,3,4,2,1,3,2,38,1,1,2,3,2,1,1
1,3,28,3,8,18477,4,3,4,3,1,4,2,58,2,1,1,2,1,1,1
1,2,33,2,5,14564,4,4,4,2,1,3,2,46,2,1,1,2,1,1,1
1,2,69,3,6,12632,2,3,3,2,1,4,3,61,1,1,2,2,1,1,1
1,3,50,2,8,9405,3,3,4,2,1,3,2,57,2,2,1,3,2,1,1
1,2,67,4,8,14245,2,4,4,3,2,4,3,39,1,1,2,3,1,1,1
1,2,32,3,4,17242,4,3,4,3,1,3,3,66,1,2,1,3,1,1,1
1,3,61,3,6,18149,4,3,3,2,2,4,2,69,1,1,1,3,1,1,1
1,3,64,2,7,15362,4,4,4,3,2,4,3,69,2,1,2,3,1,1,1
1,2,58,3,6,5741,3,4,3,2,2,4,3,37,2,2,2,3,2,1,1
1,2,68,4,6,13323,3,3,4,3,1,3,2,62,2,2,2,3,1,1,1
1,2,62,2,9,16338,4,4,3,3,1,4,2,44,2,1,2,2,1,1,1
1,2,51,3,5,18609,3,4,3,2,1,3,3,44,2,1,1,3,1,1,1
1,2,43,2,7,16687,3,4,3,2,2,3,3,65,2,2,2,3,1,1,1
1,2,59,2,7,13288,2,3,4,2,2,3,3,61,2,1,2,2,2,1,1
1,3,60,3,3,5416,2,3,3,2,2,3,2,42,2,1,1,3,1,1,1
1,2,34,2,3,7318,4,4,3,3,1,4,2,40,2,2,1,2,1,1,1
1,3,42,2,4,16743,4,4,3,2,2,4,2,66,1,2,1,3,2,1,1
1,3,28,2,4,7914,3,3,3,3,1,4,3,44,1,1,2,2,1,1,1
1,2,48,4,7,12998,2,4,3,2,1,4,3,35,2,2,2,2,1,1,1
1,3,39,4,8,19141,2,3,4,3,2,4,2,45,2,2,1,2,1,1,1
1,2,54,4,8,12525,4,4,3,3,2,4,3,43,2,1,1,3,1,1,1
1,3,37,3,6,18539,2,3,4,3,1,3,3,50,1,2,1,2,1,1,1
1,2,40,2,3,6859,3,4,4,3,1,3,3,46,2,1,2,3,1,1,1
1,2,64,3,4,7957,2,3,4,3,2,3,3,46,1,1,2,3,2,1,1
1,3,69,3,7,13082,2,3,4,2,2,3,3,57,2,2,1,3,1,1,1
1,3,35,4,9,15577,4,3,3,2,2,3,3,56,1,1,1,2,1,1,1
1,2,58,4,6,16581,2,4,4,3,1,4,3,50,1,2,2,3,2,1,1
1,3,41,2,5,8362,4,4,4,3,1,4,2,60,2,1,2,3,1,1,1
1,2,30,3,6,14826,4,4,3,3,2,3,2,63,2,2,2,3,2,1,1
1,2,48,3,3,19675,2,4,3,2,1,4,2,38,2,1,1,3,1,1,1
1,3,53,2,8,6522,4,4,4,2,2,4,3,38,1,1,1,3,2,1,1
1,3,53,4,6,13644,3,3,3,2,1,3,3,57,1,2,1,2,2,1,1
1,2,26,4,3,11731,4,3,4,3,2,4,2,59,2,1,1,3,1,1,1
1,2,35,4,5,7965,4,4,4,2,2,4,3,33,1,1,2,3,1,1,1
1,2,70,4,6,19467,2,3,3,3,2,4,3,67,1,1,1,2,2,1,1
1,2,64,2,5,11257,2,4,3,2,2,3,2,42,2,1,2,2,1,1,1
1,2,41,2,3,17322,4,4,3,2,1,3,2,32,2,1,1,2,2,1,1
1,2,63,2,3,11355,4,3,3,2,2,4,3,42,2,1,2,2,1,1,1
1,2,33,2,3,14050,4,3,4,3,1,3,2,58,2,1,2,3,2,1,1
1,3,67,2,8,6736,3,3,4,2,1,3,3,45,1,2,1,3,2,1,1
1,2,50,4,7,19825,2,4,3,3,1,3,2,38,1,2,1,2,2,1,1
1,2,44,4,3,8534,3,4,3,2,2,4,2,60,2,2,2,3,2,1,1
1,2,28,3,4,16171,2,4,4,2,1,3,2,56,1,2,1,2,1,1,1
1,2,66,4,6,15956,2,4,4,2,2,3,3,60,2,1,2,3,2,1,1
1,3,26,3,8,16729,3,4,4,2,2,4,2,67,2,1,1,3,1,1,1
1,2,63,4,9,5106,3,3,3,3,1,3,3,30,2,2,2,3,2,1,1
1,3,43,4,9,19295,2,4,3,3,1,4,2,46,1,1,1,2,1,1,1
1,3,31,2,7,13657,2,4,3,3,2,3,3,46,1,2,1,3,1,1,1
1,3,55,4,5,6248,3,4,3,2,1,4,3,51,2,2,2,2,2,1,1
1,3,56,3,5,17465,3,3,4,2,1,3,2,35,1,2,1,2,1,1,1
1,3,28,2,4,9619,2,3,3,3,1,4,3,44,2,2,2,3,2,1,1
1,3,51,2,6,10736,3,4,4,3,1,4,2,41,1,1,2,2,2,1,1
1,3,48,4,8,13514,4,3,4,3,2,3,3,37,2,2,1,2,2,1,1
1,3,66,2,4,12920,2,3,3,2,1,3,2,59,2,1,2,2,2,1,1
1,3,32,3,9,5790,3,4,3,3,1,3,2,69,1,2,1,3,1,1,1
1,2,68,3,8,11340,4,4,3,3,1,3,3,38,2,2,2,3,2,1,1
1,2,50,3,6,16561,2,4,4,2,2,3,2,69,1,1,2,2,1,1,1
1,3,62,3,9,10930,2,3,3,2,1,3,3,45,1,1,2,3,1,1,1
1,3,51,2,8,18199,3,3,4,3,2,3,3,64,2,1,1,2,1,1,1
1,3,58,3,5,7235,4,3,4,3,2,4,2,47,1,2,2,3,1,1,1
1,2,67,3,4,18628,3,3,3,3,2,3,3,40,1,1,2,2,1,1,1
1,2,36,3,9,12505,3,3,3,3,1,3,3,36,2,2,1,3,1,1,1
1,3,71,4,5,12015,4,3,3,2,2,3,3,69,2,1,2,3,1,1,1
1,3,32,4,6,13397,3,4,4,3,2,3,2,40,2,2,2,2,1,1,1
1,2,64,2,4,8939,2,4,3,3,2,4,3,45,1,2,1,3,1,1,1
1,3,69,3,8,13049,4,3,4,2,1,4,3,45,2,1,1,3,1,1,1
1,2,56,2,4,18827,3,4,3,3,1,4,3,49,2,2,2,3,1,1,1
1,2,24,4,7,10626,3,4,4,2,2,4,2,58,1,2,2,3,2,1,1
1,3,71,4,7,5941,3,4,4,2,1,3,2,33,1,1,2,3,1,1,1
1,2,41,2,6,9403,2,4,4,3,1,3,3,52,2,2,2,2,1,1,1
1,2,36,4,6,15140,2,3,3,2,1,4,2,57,1,2,1,3,1,1,1
1,2,40,3,4,7386,4,4,3,3,1,4,2,39,2,2,2,3,1,1,1
1,2,35,4,8,15348,4,4,4,2,2,3,2,55,2,2,1,2,1,1,1
1,3,39,3,7,5919,2,4,4,3,1,4,3,47,2,2,1,3,2,1,1
1,2,52,4,6,18934,4,3,4,2,2,4,2,67,1,1,1,3,2,1,1
1,3,24,4,4,8338,2,3,4,3,1,4,3,34,1,2,2,3,1,1,1
1,2,70,2,8,15125,2,4,4,3,2,3,2,49,2,2,2,2,2,1,1
1,3,52,4,6,8917,3,4,4,2,2,3,2,34,2,1,2,3,2,1,1
1,2,60,2,3,18837,4,4,4,2,2,4,2,46,2,2,2,2,2,1,1
1,2,42,3,9,11099,3,4,4,3,2,4,2,47,2,1,2,2,2,1,1
1,2,41,2,7,16267,2,4,4,3,1,4,3,30,2,1,2,3,1,1,1
1,3,49,4,6,6164,4,4,3,2,1,3,2,61,1,2,1,3,1,1,1
1,3,64,3,8,12176,3,3,3,2,2,4,2,61,2,1,2,2,2,1,1
1,2,49,2,8,7035,2,4,3,3,1,4,3,34,2,2,2,3,1,1,1
1,3,28,2,5,7941,2,3,3,3,1,4,2,67,1,1,1,2,1,1,1
1,2,34,2,4,9870,3,4,4,3,2,4,3,58,1,2,1,3,2,1,1
1,2,57,2,4,16060,3,4,3,3,2,3,3,48,1,2,2,2,1,1,1
1,2,46,4,7,6439,3,4,3,3,1,3,2,61,1,1,2,2,1,1,1
1,2,57,3,7,14079,4,4,3,2,2,3,2,46,1,2,2,3,1,1,1
1,3,70,2,8,16563,4,3,3,2,1,4,3,36,1,2,2,3,1,1,1
1,2,42,2,4,19303,3,4,4,3,2,4,2,50,2,1,2,3,2,1,1
1,3,59,2,8,13853,3,3,3,3,2,3,3,64,1,2,1,2,2,1,1
1,2,44,4,8,5269,2,3,4,2,2,3,3,44,1,2,1,2,2,1,1
1,2,29,4,6,12495,4,4,4,3,1,4,2,55,1,2,1,2,2,1,1
1,3,59,2,9,6325,3,3,3,3,1,4,2,68,2,1,2,3,1,1,1
1,3,71,2,7,5540,4,3,4,2,2,4,2,53,2,1,1,3,2,1,1
1,3,37,3,7,18650,4,3,4,3,2,3,2,52,2,1,2,2,1,1,1
1,2,64,3,4,14533,4,3,4,2,1,4,3,52,2,1,1,2,2,1,1
1,2,63,4,4,9506,2,4,3,2,1,4,2,62,1,2,1,2,2,1,1
1,2,54,2,6,5306,3,3,4,2,2,3,3,51,1,2,1,3,2,1,1
1,3,35,4,4,14743,3,4,3,2,1,3,2,40,2,1,1,2,2,1,1
1,2,32,2,3,13110,3,4,4,3,1,3,2,54,2,2,2,3,2,1,1
1,3,50,3,8,14325,2,3,3,3,1,4,3,40,1,2,1,3,1,1,1
1,2,64,3,6,19003,2,3,3,3,1,4,3,38,2,2,1,3,2,1,1
1,3,55,4,8,11937,2,3,3,3,1,3,2,57,1,1,2,2,2,1,1
1,2,50,4,5,10650,3,4,3,3,2,4,3,69,1,2,1,3,2,1,1
1,2,61,4,6,15791,4,3,3,3,2,4,2,58,1,2,1,3,2,1,1
1,3,43,3,3,10014,2,4,4,3,1,3,3,44,1,1,2,3,1,1,1
1,2,55,2,5,17827,4,4,3,2,1,4,2,60,2,1,2,2,2,1,1
1,2,30,2,6,12627,2,4,4,3,1,4,2,61,1,2,1,2,2,1,1
1,3,61,4,4,7726,2,4,3,3,2,4,3,30,1,2,1,3,2,1,1
1,2,35,2,5,12409,2,3,3,3,1,3,2,30,1,2,2,2,2,1,1
1,3,39,2,9,19336,3,4,4,3,2,3,3,41,2,2,1,2,1,1,1
1,3,68,4,7,18961,2,4,3,2,2,4,3,67,2,2,1,3,1,1,1
1,2,28,3,9,13726,3,4,4,2,2,3,2,30,1,2,1,3,2,1,1
1,2,59,4,4,17101,2,3,4,3,1,4,3,64,1,2,1,3,1,1,1
1,3,41,4,6,10757,2,3,3,2,1,3,3,48,1,1,2,2,1,1,1
1,3,68,4,4,19231,4,4,3,3,2,4,3,62,2,1,2,2,1,1,1
1,2,49,2,4,17118,2,4,4,3,2,4,2,68,2,1,1,2,2,1,1
1,2,36,4,4,8905,2,4,4,3,1,4,3,61,2,1,1,3,2,1,1
1,2,24,4,7,15167,4,4,3,2,1,3,2,41,2,1,1,2,2,1,1
1,3,56,3,4,19519,2,4,4,3,2,3,3,53,2,2,1,2,2,1,1
1,3,30,3,7,12066,3,4,4,2,1,3,3,48,1,2,2,2,1,1,1
1,3,59,4,6,9767,2,3,3,2,2,3,2,57,1,2,1,3,1,1,1
1,2,65,3,3,11035,3,3,3,3,2,4,3,63,1,1,2,2,2,1,1
1,3,64,4,7,5957,2,4,4,2,2,4,2,39,2,1,2,3,1,1,1
1,2,43,3,4,17569,3,4,3,3,1,4,3,35,2,2,1,2,1,1,1
1,2,59,4,7,15216,2,3,4,2,2,3,2,34,1,2,2,2,1,1,1
1,2,53,3,9,16079,4,4,3,2,1,3,2,33,1,2,1,3,2,1,1
1,2,66,2,5,12691,2,4,4,2,2,4,3,41,2,2,2,2,1,1,1
1,3,47,3,6,11523,3,4,4,3,1,3,2,42,1,2,1,2,1,1,1
1,2,49,3,4,6209,2,4,4,2,2,3,2,39,2,2,1,2,1,1,1
1,3,44,4,9,17855,2,4,3,3,1,3,3,41,2,2,1,2,1,1,1
1,3,68,3,9,7833,2,4,3,3,2,4,2,43,1,2,2,3,2,1,1
1,2,32,3,5,15166,3,3,4,2,2,3,2,67,2,1,2,3,2,1,1
1,3,62,2,5,10224,3,4,3,3,2,4,2,67,1,2,1,2,1,1,1
1,3,46,4,7,16520,2,4,3,3,1,4,2,50,2,1,2,3,1,1,1
1,2,63,2,5,10899,2,3,3,3,1,3,3,39,1,1,1,2,1,1,1
1,3,39,4,4,12716,2,4,4,3,1,3,2,67,1,2,2,3,1,1,1
1,2,28,4,8,15979,4,3,4,2,2,4,2,67,2,2,1,2,1,1,1
1,2,35,4,5,14421,4,3,4,2,2,4,3,55,2,2,2,3,1,1,1
1,2,50,3,9,16004,2,4,4,2,1,3,3,33,1,2,2,3,1,1,1
1,3,35,4,9,9360,2,4,3,2,1,4,2,49,1,1,2,2,2,1,1
1,2,50,2,9,5319,2,4,3,2,1,3,3,44,1,1,2,2,2,1,1
1,3,36,3,5,11118,2,3,4,2,2,3,2,55,1,1,1,2,1,1,1
1,3,52,4,7,16658,4,4,4,3,1,4,2,32,2,1,1,3,1,1,1
1,3,24,4,4,18017,3,3,4,3,1,3,2,40,1,2,2,3,1,1,1
1,3,29,3,8,10865,3,4,3,3,2,4,2,37,1,1,1,2,2,1,1
1,2,62,2,3,18321,3,4,3,3,2,4,3,34,1,2,1,3,1,1,1
1,2,37,2,6,19966,2,4,4,3,2,4,2,36,2,2,2,3,1,1,1
1,3,46,3,3,13276,4,4,4,3,1,4,3,34,1,2,1,3,2,1,1
1,3,48,3,3,17548,3,3,4,3,2,3,3,62,2,1,2,2,2,1,1
1,2,50,3,4,13635,4,4,3,2,2,4,3,54,1,2,2,2,1,1,1
1,3,29,3,4,8111,2,4,3,2,2,4,2,45,1,2,2,2,2,1,1
1,2,42,3,5,11610,2,3,3,2,1,4,2,52,1,2,2,2,1,1,1
1,2,68,4,6,15958,3,4,3,2,1,3,3,65,1,2,2,3,2,1,1
1,3,70,2,7,12383,2,4,4,3,2,4,3,45,2,2,2,3,1,1,1
1,3,52,3,4,15990,3,3,3,2,2,4,3,52,2,1,1,3,1,1,1
1,2,27,4,4,11452,4,4,4,3,2,4,2,40,2,1,2,2,1,1,1
1,2,47,3,5,19691,2,4,4,3,1,3,3,66,2,1,1,2,2,1,1
1,3,33,2,6,15363,3,3,4,3,1,4,2,48,2,2,1,3,1,1,1
1,2,29,2,9,5560,3,3,3,3,1,3,2,30,1,1,1,3,2,1,1
1,3,50,2,8,14502,2,4,4,3,2,3,2,35,1,2,1,3,1,1,1
1,2,57,2,7,6027,4,3,3,2,1,4,2,34,1,2,1,3,1,1,1
1,2,25,4,6,7058,4,3,4,2,1,3,3,42,1,1,2,2,1,1,1
1,3,56,2,6,11432,4,3,4,3,1,4,2,35,1,1,1,3,2,1,1
1,2,44,3,5,14365,2,3,4,3,2,4,3,39,2,1,2,3,1,1,1
1,3,71,2,8,9009,2,4,3,2,1,3,2,58,1,2,2,2,1,1,1
1,2,51,4,9,16130,4,4,3,3,2,4,3,31,1,2,2,2,1,1,1
1,3,66,2,3,12278,2,4,3,3,2,3,2,60,2,1,2,3,1,1,1
1,3,36,3,4,14569,4,4,4,3,1,3,3,53,2,2,2,3,1,1,1
1,3,55,4,3,19994,3,3,3,3,2,3,3,46,2,2,2,3,1,1,1
1,3,69,4,9,9321,3,4,4,3,1,3,3,45,2,2,1,3,1,1,1
1,2,51,3,3,16443,4,3,3,2,1,3,3,68,2,1,1,2,2,1,1
1,2,27,2,3,8276,2,4,4,3,2,4,2,32,2,2,2,3,1,1,1
1,2,44,2,5,18503,4,4,4,2,2,3,3,61,1,1,1,2,1,1,1
1,2,34,2,7,13756,2,4,3,3,2,4,2,57,2,1,1,2,2,1,1
1,2,33,2,8,16714,3,3,3,2,2,4,2,64,1,2,1,2,2,1,1
1,2,29,2,6,15073,3,4,4,2,1,4,3,62,2,1,1,3,1,1,1
1,2,37,2,9,7538,2,4,4,3,2,4,3,48,1,2,1,2,1,1,1
1,2,64,2,3,15718,4,3,3,3,2,4,3,42,2,2,2,3,2,1,1
1,2,41,4,7,10811,2,4,4,3,2,4,2,57,2,2,2,2,2,1,1
1,2,69,2,5,7396,4,3,3,3,1,4,3,51,2,2,2,2,2,1,1
1,2,49,2,7,11929,4,4,4,3,2,3,3,55,1,1,1,2,2,1,1
1,2,27,2,8,14102,3,3,3,3,2,4,3,57,2,1,1,2,1,1,1
1,2,24,3,5,19139,4,3,4,2,2,4,2,36,1,1,2,3,1,1,1
1,2,38,2,6,5013,3,4,3,3,2,3,3,36,1,2,2,3,2,1,1
1,2,38,4,4,15849,3,3,4,2,2,3,2,67,2,1,2,2,2,1,1
1,3,47,2,4,8862,2,3,3,3,1,4,2,33,2,2,1,2,1,1,1
1,2,30,4,6,8316,3,4,3,3,2,4,3,49,2,1,1,3,1,1,1
1,2,39,3,8,12101,3,4,3,2,2,3,3,52,1,2,2,3,1,1,1
1,3,29,3,9,12512,3,3,4,3,2,3,2,31,2,1,1,3,2,1,1
1,2,24,4,5,11558,4,4,3,2,2,3,3,52,2,2,2,2,1,1,1
1,2,63,4,4,14098,2,3,3,3,2,4,3,64,2,1,1,3,2,1,1
1,2,31,3,9,9739,4,4,3,3,1,3,2,64,1,2,1,3,1,1,1
1,3,41,4,8,16423,3,4,4,2,1,3,2,48,2,1,1,2,2,1,1
1,2,56,2,8,14201,4,4,3,2,2,3,3,33,1,2,1,3,1,1,1
1,2,53,3,3,12200,3,3,3,2,2,3,2,32,1,2,2,2,1,1,1
1,2,55,3,8,18489,2,4,3,3,1,4,3,63,2,1,1,2,1,1,1
1,3,39,4,5,12719,3,3,3,3,2,3,2,30,1,2,1,3,1,1,1
1,3,35,2,4,14600,3,3,4,2,2,3,2,47,1,1,1,2,2,1,1
1,2,67,2,4,10870,3,3,3,2,2,4,3,66,2,1,2,2,1,1,1
1,2,55,3,3,14752,4,3,3,2,1,4,3,53,2,2,1,3,2,1,1
1,2,42,4,6,13532,3,4,4,3,1,4,2,31,1,2,2,3,2,1,1
1,3,67,2,4,17843,3,4,3,2,2,3,3,31,1,1,1,3,1,1,1
1,2,62,2,8,19697,3,3,3,2,2,3,3,31,2,1,1,3,1,1,1
1,3,46,4,3,5730,3,4,3,3,1,4,2,50,2,2,1,3,1,1,1
1,3,31,4,7,18531,3,4,4,2,1,4,2,42,2,1,1,3,1,1,1
1,2,59,3,6,16223,3,4,4,2,2,4,2,40,2,1,2,2,2,1,1
1,2,43,2,5,18769,4,4,4,3,1,4,3,61,1,1,1,3,1,1,1
1,3,29,3,6,17129,2,3,4,2,1,4,2,68,2,2,2,2,1,1,1
1,2,24,3,4,14562,2,4,3,3,2,4,3,35,1,2,1,3,1,1,1
1,2,67,4,4,10545,2,4,4,2,2,3,3,51,2,1,1,2,1,1,1
1,2,25,2,3,16423,2,4,3,3,2,4,3,56,1,2,2,2,1,1,1
1,2,38,4,9,16816,4,3,3,2,1,3,2,67,2,1,1,2,1,1,1
1,2,42,4,4,9319,3,3,3,3,1,3,2,38,2,1,1,2,2,1,1
1,3,65,3,6,6288,3,3,4,2,2,3,3,38,2,2,1,3,1,1,1
1,3,30,2,8,9529,4,4,3,3,1,4,2,58,1,1,2,2,1,1,1
1,3,60,4,3,16940,2,3,4,2,2,3,2,67,1,1,2,3,2,1,1
1,3,67,3,7,18649,4,3,3,3,2,3,2,44,2,2,2,3,2,1,1
1,2,56,2,7,18150,4,4,3,2,1,4,2,47,1,1,2,3,2,1,1
1,3,35,4,8,12553,2,4,3,3,1,4,2,62,2,1,1,3,1,1,1
1,2,47,2,8,17474,4,4,4,3,1,3,2,54,1,1,1,2,1,1,1
1,2,48,3,9,19621,3,4,3,2,2,4,2,36,1,1,2,2,1,1,1
1,3,32,3,7,17533,4,3,3,2,1,4,3,45,2,2,1,3,2,1,1
1,3,43,4,3,6232,2,3,4,2,2,3,2,66,2,1,2,2,1,1,1
1,3,26,3,6,10204,2,4,3,3,2,4,2,45,2,2,2,2,1,1,1
1,3,52,3,3,10768,2,3,3,2,2,4,2,58,1,1,1,2,2,1,1
1,3,62,3,8,7340,4,3,3,2,2,3,2,55,1,1,1,3,1,1,1
1,2,70,2,9,6723,2,4,4,3,2,3,2,44,1,2,1,2,2,1,1
1,3,67,4,5,13427,3,4,3,3,2,3,3,52,2,2,1,2,2,1,1
1,2,57,4,3,9204,2,3,3,2,1,4,2,32,1,2,2,2,2,1,1
1,2,37,3,4,14487,3,3,3,3,2,4,3,56,2,2,1,3,2,1,1
1,2,69,3,7,15253,4,4,4,2,1,4,2,47,2,2,1,2,1,1,1
1,3,57,2,3,8737,2,4,3,2,2,3,3,48,2,1,2,2,2,1,1
1,2,34,4,9,10886,2,4,4,3,1,4,3,54,1,1,1,3,1,1,1
1,2,47,2,5,18541,3,3,3,3,1,3,2,38,2,2,2,3,2,1,1
1,3,37,4,4,14936,4,3,3,3,2,4,2,52,1,2,2,3,1,1,1
1,2,70,4,6,7866,3,3,3,2,2,3,2,55,1,2,2,2,2,1,1
1,3,54,2,3,5302,4,4,4,2,1,4,3,39,1,2,1,2,1,1,1
1,2,24,2,7,13322,3,4,4,3,1,3,2,45,1,2,2,3,1,1,1
1,3,67,3,4,8233,3,3,3,3,2,4,2,61,1,2,1,3,2,1,1
1,3,31,4,3,9572,2,3,4,3,1,3,3,56,2,2,2,3,1,1,1
1,3,27,3,4,9698,3,4,3,3,2,3,3,45,1,1,1,3,1,1,1
1,2,70,4,4,12849,4,3,4,3,1,3,3,34,2,1,1,3,1,1,1
1,2,24,3,4,18569,3,3,4,3,1,4,2,40,2,2,2,3,2,1,1
1,3,55,3,5,6434,4,3,3,2,2,4,3,50,1,2,1,2,1,1,1
1,3,32,4,3,8528,3,3,3,3,1,4,2,35,2,2,1,2,1,1,1
1,2,27,3,9,17627,2,3,4,3,2,3,3,56,2,2,1,3,1,1,1
1,3,35,2,9,5411,3,3,3,3,1,4,3,59,2,2,2,3,1,1,1
1,3,47,2,8,18923,4,3,3,2,1,4,3,37,1,2,2,2,1,1,1
1,2,44,3,4,12318,4,3,4,3,2,3,2,33,1,1,1,3,1,1,1
1,2,25,4,3,15969,2,4,3,3,1,3,3,55,2,1,2,2,2,1,1
1,2,30,4,4,8288,4,4,3,2,1,3,2,31,2,2,2,2,1,1,1
1,2,70,4,7,13556,2,3,3,3,1,4,3,58,1,2,1,3,1,1,1
1,2,28,3,3,10972,3,4,4,3,1,4,3,45,2,2,1,3,2,1,1
1,3,66,2,3,15148,4,3,3,3,1,3,3,37,2,2,2,2,1,1,1
1,3,59,3,7,12413,2,4,4,2,1,3,3,68,2,1,2,3,2,1,1
1,3,71,2,3,19878,3,4,3,3,1,4,3,37,1,1,2,2,2,1,1
1,3,46,3,4,14868,3,4,4,3,1,3,3,63,2,1,1,3,1,1,1
1,3,54,3,5,19132,2,3,4,3,2,4,3,36,1,2,2,2,2,1,1
1,3,62,4,3,12415,2,3,3,2,1,3,3,48,1,1,2,2,2,1,1
1,3,35,2,9,11890,3,3,4,2,2,3,3,64,1,2,2,3,2,1,1
1,3,58,3,7,18880,3,4,3,3,2,3,3,67,2,1,2,3,1,1,1
1,3,27,2,5,9316,2,4,3,3,1,3,2,67,2,1,2,2,2,1,1
1,2,66,3,9,17356,2,4,3,3,1,4,2,65,1,1,2,2,2,1,1
1,3,24,2,3,13129,3,3,4,3,1,3,3,47,2,2,1,3,2,1,1
1,3,30,3,8,13261,3,3,4,2,2,3,2,52,1,2,2,2,1,1,1
1,2,57,2,4,6196,4,3,3,3,2,4,2,66,2,1,2,3,2,1,1
1,3,53,4,8,18653,4,4,3,2,2,4,3,48,2,1,2,3,2,1,1
1,3,45,2,6,16002,2,4,3,3,1,3,3,39,2,1,1,3,2,1,1
1,2,38,3,8,6649,2,4,3,3,1,3,3,35,2,1,2,2,1,1,1
1,2,46,2,6,18208,3,4,4,3,1,3,2,37,1,2,2,3,2,1,1
1,2,51,3,5,18448,3,3,3,3,2,4,3,52,1,1,2,2,2,1,1
1,2,27,4,7,6784,2,4,4,2,1,4,2,47,2,1,2,3,1,1,1
1,2,54,4,3,13684,2,4,3,3,1,4,3,47,1,2,2,3,1,1,1
1,2,63,3,6,11266,2,3,3,2,1,3,2,58,2,1,1,2,1,1,1
1,3,70,2,8,8440,2,3,3,3,1,4,3,54,1,2,2,2,1,1,1
1,3,47,3,6,10498,3,4,4,3,2,3,2,62,2,1,2,2,2,1,1
1,3,48,2,3,5414,4,4,3,2,2,4,2,65,1,1,1,2,1,1,1
1,3,67,2,3,13480,4,4,3,2,2,4,3,58,1,1,2,2,1,1,1
1,3,37,4,7,6365,2,3,4,3,1,3,3,55,2,2,1,3,1,1,1
1,3,56,3,9,17227,2,3,4,3,2,4,3,59,1,1,2,3,2,1,1
1,2,56,2,3,19521,4,4,3,2,1,3,3,58,2,2,2,3,2,1,1
1,3,49,2,6,8957,3,3,4,2,2,4,2,53,1,2,1,2,1,1,1
1,2,33,2,3,13020,3,4,3,2,2,4,2,39,2,2,2,3,2,1,1
1,2,61,3,4,10457,2,4,4,2,2,3,3,39,1,2,2,3,1,1,1
1,3,68,3,9,8217,2,4,3,3,1,4,2,40,1,1,1,3,2,1,1
1,2,41,2,6,12499,4,4,3,2,1,4,3,51,2,2,2,3,2,1,1
1,2,47,2,5,9498,2,3,3,2,1,3,3,52,1,1,1,3,2,1,1
1,2,59,2,7,11009,4,3,4,3,1,3,3,57,1,1,1,3,2,1,1
1,3,59,4,6,15915,3,3,3,3,1,4,2,34,2,1,2,2,2,1,1
1,3,58,4,3,9922,2,4,4,3,1,3,2,69,2,1,1,3,1,1,1
1,2,44,2,9,19933,4,3,3,2,2,4,3,42,1,1,1,2,1,1,1
1,3,29,2,7,19829,2,4,3,3,2,3,3,31,2,1,2,3,1,1,1
1,3,44,4,7,17587,2,4,3,2,1,4,2,42,2,2,2,3,2,1,1
1,2,30,2,8,19783,4,4,4,3,2,4,2,50,2,2,1,2,2,1,1
1,3,32,3,5,12522,2,3,3,2,1,4,3,43,2,1,1,2,1,1,1
1,2,24,3,8,13563,4,3,4,2,2,4,3,56,1,2,1,2,1,1,1
1,3,68,4,4,15337,2,4,4,3,1,3,2,31,2,2,2,3,1,1,1
1,3,49,2,4,14161,2,4,4,2,2,4,2,63,2,1,1,3,2,1,1
1,2,62,3,9,15395,2,4,4,2,2,4,2,35,2,2,1,3,1,1,1
1,2,31,2,3,9031,4,4,4,3,1,3,3,40,1,1,2,2,2,1,1
1,2,33,4,4,10097,2,4,3,3,2,4,2,65,1,2,2,2,2,1,1
1,3,30,2,7,10683,3,4,3,3,2,4,3,55,2,2,2,3,1,1,1
1,2,53,2,8,10796,4,3,4,2,1,4,2,30,1,2,2,3,1,1,1
1,3,29,2,3,5688,3,3,3,3,2,3,3,51,1,2,1,3,1,1,1
1,3,60,3,4,13417,3,3,3,2,1,3,2,37,1,1,2,3,2,1,1
1,3,53,3,3,9491,4,4,4,3,1,3,3,32,2,2,1,3,2,1,1
1,3,63,4,7,17525,4,4,4,3,1,4,2,34,1,1,1,2,2,1,1
1,2,43,2,8,19059,3,3,4,2,2,3,2,64,2,2,2,3,1,1,1
1,2,71,2,7,14710,4,4,4,2,1,4,3,52,1,1,2,3,1,1,1
1,2,46,4,6,9513,3,3,4,2,1,4,2,45,2,1,1,2,2,1,1
1,2,27,3,4,15382,2,3,4,3,1,4,2,51,2,1,2,3,1,1,1
1,3,31,3,4,13158,4,4,4,3,2,3,3,32,2,2,1,3,2,1,1
1,2,53,3,5,14582,4,3,4,3,2,3,3,45,2,2,2,3,1,1,1
1,2,44,2,4,7719,3,4,3,2,2,3,2,53,1,2,1,2,1,1,1
1,3,32,3,3,10335,3,3,3,3,2,4,3,60,2,1,1,3,1,1,1
1,2,42,4,3,8903,3,4,3,3,1,3,2,48,1,2,1,3,1,1,1
1,2,46,3,9,18995,3,3,4,2,1,3,3,57,2,1,2,2,1,1,1
1,2,46,2,9,8605,3,4,3,3,1,3,2,48,2,1,1,2,2,1,1
1,3,45,2,8,18698,2,4,3,2,1,4,3,39,1,1,1,2,2,1,1
1,2,70,2,7,5666,4,4,4,3,2,3,3,35,1,2,2,2,1,1,1
1,2,63,2,9,12396,2,3,3,3,2,4,2,64,1,2,2,2,2,1,1
1,2,58,3,3,7542,2,3,4,2,2,4,2,53,2,1,1,2,2,1,1
1,3,58,3,5,11153,3,3,4,3,2,4,3,37,1,1,1,2,1,1,1
1,3,40,4,7,15625,3,3,4,3,1,4,3,60,1,1,2,3,1,1,1
1,2,37,2,7,15168,4,3,3,2,2,3,3,69,2,1,1,3,2,1,1
1,2,52,3,9,5835,3,3,3,3,2,3,2,39,2,2,2,3,1,1,1
1,3,37,3,7,18137,2,4,4,2,1,3,2,48,2,2,1,3,1,1,1
1,2,57,2,8,12425,4,4,4,2,1,3,2,50,1,2,1,2,2,1,1
1,2,50,3,4,18424,2,3,3,3,1,3,2,46,1,1,2,2,2,1,1
1,3,37,3,3,15526,2,4,3,3,2,3,3,52,1,2,2,3,2,1,1
1,2,34,2,4,12714,2,4,4,2,1,4,2,47,2,1,2,3,1,1,1
1,2,47,4,6,5993,2,4,3,3,1,3,2,58,2,2,1,2,1,1,1
1,2,45,4,7,12087,2,3,3,3,1,3,3,58,1,1,2,3,2,1,1
1,2,51,4,6,7058,2,4,4,2,2,4,2,47,2,2,2,3,2,1,1
1,3,69,4,4,6273,2,4,4,3,1,4,3,39,1,1,2,2,1,1,1
1,2,45,4,9,8718,2,3,3,3,2,3,2,53,2,2,1,2,2,1,1
1,2,55,3,3,5517,4,4,3,2,1,4,3,43,2,2,2,2,1,1,1
1,3,62,3,7,7346,2,4,4,2,1,3,3,37,1,2,1,3,2,1,1
1,2,42,3,6,13390,3,4,4,2,2,3,3,56,2,1,1,3,1,1,1
1,3,51,4,8,12273,4,3,3,2,1,4,3,56,2,1,2,3,1,1,1
1,2,50,3,9,6702,3,4,3,2,1,4,2,49,1,2,1,3,2,1,1
1,2,47,4,6,7565,2,3,3,3,1,4,3,33,1,1,2,2,1,1,1
1,2,31,3,7,10436,4,4,4,2,2,3,3,38,1,1,1,2,1,1,1
1,3,37,3,5,7718,4,3,3,2,2,3,2,38,1,2,2,2,1,1,1
1,2,44,2,7,9667,3,3,4,3,2,3,3,32,2,1,2,3,2,1,1
1,3,54,3,8,13200,4,3,3,2,2,4,3,35,2,1,1,2,2,1,1
1,2,59,4,8,10311,3,3,4,3,2,4,2,44,2,1,2,2,2,1,1
1,2,34,2,9,12377,4,3,3,3,2,3,2,63,1,2,1,2,2,1,1
1,2,59,2,6,13567,4,4,3,2,1,3,3,34,2,2,2,3,2,1,1
1,3,29,3,4,6622,2,3,4,3,2,4,3,63,2,2,2,2,2,1,1
1,2,61,4,9,19467,2,4,4,3,2,4,2,31,2,1,2,2,2,1,1
1,3,46,2,4,18071,2,3,3,2,1,3,3,33,1,1,1,2,2,1,1
1,2,57,3,9,17902,2,3,4,2,2,4,3,54,2,2,2,3,1,1,1
1,3,42,3,6,15606,3,3,4,2,2,4,3,34,1,2,1,3,2,1,1
1,2,24,2,4,7548,4,3,3,3,1,3,2,56,1,2,2,2,1,1,1
1,2,55,4,9,8934,4,4,3,2,1,3,2,60,1,2,1,2,2,1,1
1,3,68,3,4,9102,2,3,4,3,1,4,3,66,2,1,2,2,1,1,1
1,2,54,3,5,18917,4,4,3,2,2,3,3,39,2,1,1,3,1,1,1
1,3,69,3,6,12190,2,4,3,2,1,4,3,37,2,2,1,3,2,1,1
1,2,26,4,3,7058,2,3,3,2,2,4,3,58,1,2,2,2,1,1,1
1,2,45,4,5,9764,4,4,3,2,1,3,2,44,2,2,1,3,1,1,1
1,3,42,3,6,15119,2,3,3,3,1,4,3,61,1,1,2,2,2,1,1
1,3,40,3,4,18659,3,4,4,2,1,4,3,31,2,1,1,2,1,1,1
1,2,59,4,4,14712,2,3,4,2,2,4,2,51,1,1,2,2,1,1,1
1,3,36,3,3,10203,2,4,3,3,2,4,3,51,2,2,1,2,2,1,1
1,2,32,3,4,16778,3,4,3,3,1,4,3,68,2,1,2,2,1,1,1
1,3,50,4,3,11515,2,3,3,3,2,4,3,61,1,1,2,2,2,1,1
1,2,59,2,9,16591,2,3,3,3,2,4,3,48,2,1,2,3,2,1,1
1,2,33,2,4,18772,2,4,4,2,1,4,2,61,2,1,1,3,2,1,1
1,2,55,3,7,9275,3,3,4,2,1,3,2,63,1,2,1,3,1,1,1
1,3,68,4,7,15515,2,3,4,3,2,3,2,36,1,2,2,2,2,1,1
1,3,67,3,4,11387,2,4,3,2,2,4,2,58,2,1,2,3,2,1,1
1,3,71,3,3,8678,4,4,4,3,1,4,3,54,1,2,2,2,1,1,1
1,3,24,3,3,19110,3,4,3,2,1,3,3,50,2,2,1,2,2,1,1
1,3,69,2,5,9222,3,3,3,3,1,4,3,58,1,2,1,2,2,1,1
1,2,44,2,9,14499,3,4,4,3,2,4,3,47,2,1,1,2,2,1,1
1,3,52,3,9,19095,2,4,4,2,1,3,2,69,2,1,2,3,1,1,1
1,3,62,4,7,13239,3,3,3,2,1,4,3,46,2,1,1,3,1,1,1
1,3,60,2,8,15775,3,3,4,2,1,4,3,31,1,2,1,3,1,1,1
1,3,54,4,9,5954,2,3,4,3,2,4,2,35,2,1,2,3,2,1,1
1,3,57,4,8,9958,4,3,3,2,2,3,3,65,2,2,1,3,1,1,1
1,3,59,4,5,15195,3,3,4,2,2,3,2,66,2,2,1,3,2,1,1
1,3,65,3,3,6160,3,4,3,3,2,3,2,61,2,1,2,2,1,1,1
1,3,50,2,9,6677,3,3,4,3,2,4,3,31,2,2,2,3,2,1,1
1,3,70,4,4,10414,3,4,3,2,1,3,3,61,1,1,1,3,2,1,1
1,3,42,3,7,13870,2,3,3,2,2,4,2,62,2,2,2,3,1,1,1
1,3,48,3,6,19594,3,3,3,2,2,3,3,48,1,1,2,2,1,1,1
1,2,48,3,4,5810,2,3,4,2,1,3,2,60,2,2,1,3,1,1,1
1,2,38,4,3,16315,2,4,3,2,1,4,2,44,2,2,1,2,2,1,1
1,3,52,4,8,15308,4,4,4,2,2,3,3,51,2,2,1,2,1,1,1
1,3,65,3,9,9902,3,4,3,3,1,4,2,61,2,1,2,3,2,1,1
1,2,43,2,7,16835,3,3,4,2,2,4,3,62,1,1,2,3,2,1,1
1,3,26,3,8,15175,3,4,3,3,1,4,3,41,2,2,2,2,2,1,1
1,3,66,4,3,13629,4,4,4,3,2,4,2,68,1,1,2,2,2,1,1
1,2,53,2,8,18374,3,3,4,2,1,3,2,44,1,2,1,3,2,1,1
1,2,25,2,8,6390,2,3,3,3,1,3,2,45,2,2,2,3,1,1,1
1,2,45,2,3,6650,3,4,3,2,2,4,3,37,2,1,2,3,1,1,1
1,3,41,3,6,6441,4,3,4,3,1,4,2,37,1,1,2,2,1,1,1
1,3,49,2,9,13280,3,3,3,3,1,3,2,40,1,1,2,3,1,1,1
1,2,38,2,3,19956,4,3,4,2,2,4,2,50,1,2,1,3,2,1,1
1,3,46,4,9,16484,3,4,4,2,2,4,2,63,1,2,2,3,1,1,1
1,3,39,3,8,8797,4,3,3,2,1,4,3,48,1,1,1,2,1,1,1
1,3,42,2,3,11397,3,4,4,2,2,4,3,57,1,2,2,3,1,1,1
1,3,35,2,3,19508,3,4,4,3,2,3,3,54,1,1,2,2,1,1,1
1,3,48,4,9,10774,4,3,4,2,2,3,2,35,1,1,1,3,2,1,1
1,2,29,4,6,15612,3,3,3,3,1,4,2,33,2,1,2,2,1,1,1
1,2,67,2,5,15948,4,3,3,2,2,3,3,59,2,2,2,3,1,1,1
